!	!	36
!	"	846
!	#	16
!	$	6
!	%	18
!	&	12
!	'	123
!	(	12
!	)	55
!	*	16
!	+	15
!	,	103
!	-	16
!	.	22
!	/	14
!	0	9
!	1	94
!	2	26
!	3	17
!	4	11
!	5	11
!	6	23
!	7	14
!	8	13
!	9	9
!	:	18
!	;	12
!	<	6
!	=	11
!	>	9
!	?	33
!	@	12
!	A	55
!	B	62
!	C	77
!	D	44
!	E	53
!	F	40
!	G	25
!	H	50
!	I	51
!	J	25
!	K	11
!	L	22
!	M	50
!	N	33
!	O	37
!	P	89
!	Q	10
!	R	27
!	S	75
!	T	127
!	U	23
!	V	19
!	W	14
!	X	19
!	Y	18
!	Z	18
!	[	16
!	\	8
!	]	18
!	^	9
!	_	16
!	`	13
!	a	19
!	b	12
!	c	25
!	d	13
!	e	31
!	f	16
!	g	10
!	h	21
!	i	12
!	j	13
!	k	23
!	l	15
!	m	13
!	n	23
!	o	10
!	p	10
!	q	11
!	r	19
!	s	20
!	t	12
!	u	8
!	v	13
!	w	8
!	x	11
!	y	19
!	z	23
!	{	16
!	|	17
!	}	12
!	~	15
"	!	15
"	"	19
"	#	25
"	$	38
"	%	9
"	&	16
"	'	54
"	(	41
"	)	1099
"	*	20
"	+	28
"	,	38
"	-	45
"	.	234
"	/	23
"	0	13
"	1	263
"	2	113
"	3	67
"	4	64
"	5	52
"	6	78
"	7	43
"	8	73
"	9	61
"	:	154
"	;	323
"	<	11
"	=	16
"	>	4
"	?	129
"	@	20
"	A	6324
"	B	5142
"	C	2553
"	D	2115
"	E	1872
"	F	2325
"	G	1604
"	H	4459
"	I	24405
"	J	1068
"	K	450
"	L	2184
"	M	3778
"	N	2502
"	O	2524
"	P	2661
"	Q	126
"	R	1784
"	S	4756
"	T	22377
"	U	721
"	V	440
"	W	12420
"	X	35
"	Y	2646
"	Z	87
"	[	23
"	\	16
"	]	26
"	^	17
"	_	13
"	`	20
"	a	4192
"	b	2012
"	c	1629
"	d	1073
"	e	929
"	f	1146
"	g	741
"	h	1205
"	i	2005
"	j	248
"	k	149
"	l	814
"	m	1313
"	n	1049
"	o	949
"	p	1525
"	q	89
"	r	1010
"	s	2493
"	t	4347
"	u	469
"	v	446
"	w	1950
"	x	21
"	y	272
"	z	39
"	{	11
"	|	10
"	}	8
"	~	22
#	!	4
#	"	26
#	#	19
#	$	16
#	%	19
#	&	15
#	'	19
#	(	12
#	)	19
#	*	12
#	+	32
#	,	9
#	-	15
#	.	19
#	/	16
#	0	10
#	1	111
#	2	24
#	3	17
#	4	15
#	5	22
#	6	17
#	7	17
#	8	17
#	9	13
#	:	10
#	;	5
#	<	11
#	=	17
#	>	7
#	?	11
#	@	19
#	A	32
#	B	33
#	C	57
#	D	25
#	E	28
#	F	37
#	G	16
#	H	24
#	I	60
#	J	37
#	K	31
#	L	28
#	M	41
#	N	31
#	O	14
#	P	31
#	Q	8
#	R	16
#	S	53
#	T	103
#	U	611
#	V	24
#	W	13
#	X	17
#	Y	12
#	Z	22
#	[	20
#	\	13
#	]	28
#	^	15
#	_	18
#	`	16
#	a	13
#	b	14
#	c	20
#	d	10
#	e	13
#	f	12
#	g	10
#	h	8
#	i	17
#	j	18
#	k	15
#	l	9
#	m	7
#	n	18
#	o	4
#	p	14
#	q	10
#	r	15
#	s	15
#	t	14
#	u	14
#	v	6
#	w	10
#	x	11
#	y	13
#	z	10
#	{	15
#	|	8
#	}	5
#	~	18
$	!	12
$	"	16
$	#	18
$	$	27
$	%	20
$	&	19
$	'	31
$	(	13
$	)	20
$	*	14
$	+	9
$	,	10
$	-	15
$	.	51
$	/	10
$	0	25
$	1	15358
$	2	8769
$	3	5733
$	4	4149
$	5	4846
$	6	2469
$	7	2307
$	8	1784
$	9	1629
$	:	13
$	;	10
$	<	10
$	=	12
$	>	6
$	?	17
$	@	14
$	A	98
$	B	44
$	C	42
$	D	24
$	E	38
$	F	40
$	G	12
$	H	36
$	I	19
$	J	29
$	K	15
$	L	38
$	M	31
$	N	29
$	O	34
$	P	44
$	Q	151
$	R	35
$	S	50
$	T	99
$	U	31
$	V	22
$	W	24
$	X	15
$	Y	301
$	Z	15
$	[	12
$	\	12
$	]	15
$	^	4
$	_	19
$	`	19
$	a	8
$	b	20
$	c	18
$	d	12
$	e	9
$	f	10
$	g	24
$	h	8
$	i	14
$	j	22
$	k	14
$	l	18
$	m	11
$	n	17
$	o	9
$	p	15
$	q	15
$	r	14
$	s	15
$	t	11
$	u	17
$	v	20
$	w	18
$	x	19
$	y	11
$	z	8
$	{	15
$	|	13
$	}	9
$	~	17
%	!	12
%	"	22
%	#	15
%	$	12
%	%	10
%	&	10
%	'	19
%	(	14
%	)	38
%	*	26
%	+	17
%	,	134
%	-	15
%	.	235
%	/	21
%	0	14
%	1	95
%	2	12
%	3	20
%	4	20
%	5	18
%	6	26
%	7	13
%	8	16
%	9	14
%	:	18
%	;	285
%	<	12
%	=	15
%	>	9
%	?	10
%	@	15
%	A	118
%	B	94
%	C	76
%	D	47
%	E	30
%	F	29
%	G	30
%	H	38
%	I	26
%	J	24
%	K	20
%	L	21
%	M	37
%	N	19
%	O	28
%	P	31
%	Q	13
%	R	27
%	S	54
%	T	79
%	U	16
%	V	19
%	W	27
%	X	17
%	Y	19
%	Z	11
%	[	15
%	\	8
%	]	18
%	^	14
%	_	21
%	`	16
%	a	17
%	b	16
%	c	13
%	d	8
%	e	16
%	f	19
%	g	16
%	h	13
%	i	28
%	j	19
%	k	23
%	l	15
%	m	13
%	n	20
%	o	18
%	p	8
%	q	14
%	r	14
%	s	17
%	t	15
%	u	25
%	v	14
%	w	18
%	x	17
%	y	18
%	z	10
%	{	13
%	|	8
%	}	16
%	~	18
&	!	5
&	"	20
&	#	13
&	$	12
&	%	14
&	&	5
&	'	23
&	(	12
&	)	14
&	*	18
&	+	23
&	,	9
&	-	24
&	.	18
&	/	16
&	0	6
&	1	105
&	2	22
&	3	13
&	4	21
&	5	16
&	6	25
&	7	23
&	8	25
&	9	13
&	:	23
&	;	22
&	<	15
&	=	8
&	>	14
&	?	6
&	@	14
&	A	53
&	B	33
&	C	40
&	D	35
&	E	41
&	F	32
&	G	54
&	H	28
&	I	59
&	J	21
&	K	12
&	L	70
&	M	120
&	N	23
&	O	20
&	P	49
&	Q	14
&	R	39
&	S	97
&	T	239
&	U	20
&	V	27
&	W	581
&	X	21
&	Y	17
&	Z	13
&	[	25
&	\	14
&	]	18
&	^	15
&	_	13
&	`	12
&	a	16
&	b	13
&	c	25
&	d	16
&	e	13
&	f	19
&	g	15
&	h	11
&	i	24
&	j	16
&	k	12
&	l	14
&	m	17
&	n	18
&	o	17
&	p	6
&	q	19
&	r	16
&	s	14
&	t	10
&	u	21
&	v	11
&	w	24
&	x	11
&	y	25
&	z	15
&	{	10
&	|	13
&	}	15
&	~	16
'	!	10
'	"	16
'	#	22
'	$	10
'	%	9
'	&	15
'	'	2370
'	(	19
'	)	22
'	*	16
'	+	27
'	,	57
'	-	34
'	.	54
'	/	13
'	0	16
'	1	68
'	2	29
'	3	26
'	4	32
'	5	48
'	6	64
'	7	64
'	8	182
'	9	368
'	:	26
'	;	23
'	<	10
'	=	15
'	>	14
'	?	57
'	@	16
'	A	1229
'	B	431
'	C	583
'	D	348
'	E	249
'	F	175
'	G	205
'	H	477
'	I	864
'	J	110
'	K	111
'	L	339
'	M	340
'	N	566
'	O	301
'	P	236
'	Q	23
'	R	417
'	S	1290
'	T	827
'	U	72
'	V	79
'	W	621
'	X	23
'	Y	261
'	Z	26
'	[	16
'	\	9
'	]	18
'	^	19
'	_	28
'	`	17
'	a	120
'	b	72
'	c	213
'	d	2096
'	e	180
'	f	64
'	g	32
'	h	48
'	i	55
'	j	24
'	k	22
'	l	2649
'	m	4121
'	n	175
'	o	106
'	p	58
'	q	18
'	r	6240
'	s	138084
'	t	22949
'	u	37
'	v	4252
'	w	56
'	x	16
'	y	48
'	z	30
'	{	30
'	|	20
'	}	15
'	~	23
(	!	11
(	"	874
(	#	15
(	$	1040
(	%	35
(	&	8
(	'	45
(	(	28
(	)	17
(	*	20
(	+	34
(	,	20
(	-	11
(	.	49
(	/	16
(	0	427
(	1	22566
(	2	5173
(	3	2196
(	4	1680
(	5	1291
(	6	1173
(	7	1234
(	8	1395
(	9	946
(	:	19
(	;	12
(	<	9
(	=	11
(	>	26
(	?	20
(	@	18
(	A	5265
(	B	1722
(	C	2185
(	D	1478
(	E	783
(	F	1179
(	G	844
(	H	1108
(	I	909
(	J	1118
(	K	551
(	L	961
(	M	2137
(	N	3524
(	O	2221
(	P	2310
(	Q	66
(	R	5684
(	S	2374
(	T	2151
(	U	1142
(	V	448
(	W	1069
(	X	38
(	Y	210
(	Z	68
(	[	19
(	\	12
(	]	13
(	^	19
(	_	18
(	`	21
(	a	2425
(	b	1726
(	c	4950
(	d	311
(	e	516
(	f	905
(	g	236
(	h	392
(	i	852
(	j	56
(	k	126
(	l	632
(	m	565
(	n	1121
(	o	1089
(	p	3030
(	q	30
(	r	435
(	s	1003
(	t	1685
(	u	238
(	v	86
(	w	880
(	x	47
(	y	64
(	z	28
(	{	11
(	|	17
(	}	17
(	~	13
)	!	16
)	"	67
)	#	27
)	$	21
)	%	25
)	&	21
)	'	22
)	(	598
)	)	58
)	*	35
)	+	30
)	,	15235
)	-	71
)	.	29537
)	/	17
)	0	20
)	1	69
)	2	26
)	3	25
)	4	20
)	5	20
)	6	17
)	7	28
)	8	20
)	9	13
)	:	243
)	;	6565
)	<	15
)	=	13
)	>	10
)	?	26
)	@	15
)	A	38
)	B	18
)	C	27
)	D	21
)	E	18
)	F	43
)	G	18
)	H	31
)	I	28
)	J	21
)	K	16
)	L	29
)	M	23
)	N	22
)	O	16
)	P	40
)	Q	20
)	R	16
)	S	36
)	T	59
)	U	26
)	V	24
)	W	21
)	X	15
)	Y	17
)	Z	24
)	[	16
)	\	19
)	]	32
)	^	9
)	_	18
)	`	10
)	a	17
)	b	15
)	c	20
)	d	20
)	e	22
)	f	15
)	g	14
)	h	16
)	i	25
)	j	12
)	k	18
)	l	24
)	m	16
)	n	21
)	o	9
)	p	10
)	q	10
)	r	7
)	s	22
)	t	18
)	u	10
)	v	7
)	w	16
)	x	19
)	y	16
)	z	20
)	{	10
)	|	18
)	}	15
)	~	21
*	!	6
*	"	42
*	#	18
*	$	23
*	%	19
*	&	15
*	'	18
*	(	12
*	)	31
*	*	8600
*	+	25
*	,	19
*	-	19
*	.	25
*	/	14
*	0	9
*	1	86
*	2	20
*	3	15
*	4	18
*	5	16
*	6	22
*	7	15
*	8	22
*	9	11
*	:	16
*	;	9
*	<	15
*	=	9
*	>	13
*	?	16
*	@	11
*	A	177
*	B	65
*	C	56
*	D	50
*	E	124
*	F	49
*	G	57
*	H	58
*	I	85
*	J	23
*	K	14
*	L	33
*	M	111
*	N	39
*	O	71
*	P	57
*	Q	18
*	R	57
*	S	76
*	T	171
*	U	17
*	V	27
*	W	403
*	X	22
*	Y	15
*	Z	18
*	[	18
*	\	26
*	]	39
*	^	11
*	_	20
*	`	12
*	a	5
*	b	15
*	c	29
*	d	6
*	e	10
*	f	12
*	g	16
*	h	22
*	i	23
*	j	22
*	k	24
*	l	10
*	m	7
*	n	15
*	o	13
*	p	18
*	q	13
*	r	15
*	s	16
*	t	12
*	u	14
*	v	22
*	w	19
*	x	13
*	y	19
*	z	13
*	{	17
*	|	13
*	}	13
*	~	13
+	!	9
+	"	20
+	#	21
+	$	15
+	%	14
+	&	12
+	'	15
+	(	11
+	)	26
+	*	21
+	+	21
+	,	32
+	-	15
+	.	37
+	/	27
+	0	64
+	1	112
+	2	33
+	3	21
+	4	30
+	5	20
+	6	19
+	7	31
+	8	16
+	9	22
+	:	18
+	;	7
+	<	11
+	=	12
+	>	11
+	?	18
+	@	10
+	A	28
+	B	34
+	C	22
+	D	22
+	E	21
+	F	25
+	G	9
+	H	17
+	I	34
+	J	16
+	K	21
+	L	15
+	M	19
+	N	20
+	O	15
+	P	20
+	Q	10
+	R	9
+	S	27
+	T	45
+	U	29
+	V	24
+	W	71
+	X	17
+	Y	19
+	Z	18
+	[	14
+	\	23
+	]	19
+	^	30
+	_	40
+	`	15
+	a	9
+	b	11
+	c	22
+	d	15
+	e	21
+	f	15
+	g	15
+	h	18
+	i	19
+	j	17
+	k	18
+	l	20
+	m	21
+	n	23
+	o	10
+	p	9
+	q	16
+	r	11
+	s	14
+	t	10
+	u	12
+	v	13
+	w	12
+	x	8
+	y	12
+	z	16
+	{	19
+	|	16
+	}	20
+	~	14
,	!	17
,	"	58222
,	#	23
,	$	12
,	%	13
,	&	7
,	'	975
,	(	11
,	)	13
,	*	32
,	+	19
,	,	32
,	-	28
,	.	31
,	/	19
,	0	60372
,	1	7856
,	2	8195
,	3	7546
,	4	7504
,	5	8528
,	6	7272
,	7	7215
,	8	7075
,	9	6684
,	:	13
,	;	15
,	<	8
,	=	9
,	>	11
,	?	10
,	@	12
,	A	36
,	B	21
,	C	25
,	D	17
,	E	15
,	F	20
,	G	8
,	H	17
,	I	22
,	J	15
,	K	11
,	L	12
,	M	26
,	N	32
,	O	11
,	P	19
,	Q	12
,	R	14
,	S	20
,	T	71
,	U	15
,	V	19
,	W	18
,	X	23
,	Y	13
,	Z	14
,	[	27
,	\	13
,	]	17
,	^	14
,	_	19
,	`	19
,	a	24
,	b	19
,	c	22
,	d	6
,	e	19
,	f	20
,	g	20
,	h	13
,	i	35
,	j	18
,	k	17
,	l	16
,	m	12
,	n	18
,	o	7
,	p	16
,	q	9
,	r	15
,	s	23
,	t	21
,	u	17
,	v	16
,	w	18
,	x	9
,	y	10
,	z	14
,	{	14
,	|	8
,	}	13
,	~	6
-	!	7
-	"	72
-	#	11
-	$	51
-	%	16
-	&	16
-	'	80
-	(	15
-	)	114
-	*	19
-	+	24
-	,	149
-	-	41246
-	.	28
-	/	15
-	0	1572
-	1	5944
-	2	3014
-	3	2044
-	4	1908
-	5	1716
-	6	1746
-	7	1512
-	8	1365
-	9	1389
-	:	31
-	;	14
-	<	12
-	=	8
-	>	10
-	?	9
-	@	9
-	A	4619
-	B	1703
-	C	2705
-	D	1128
-	E	1019
-	F	1174
-	G	1050
-	H	1374
-	I	2802
-	J	1016
-	K	754
-	L	1400
-	M	2159
-	N	1997
-	O	668
-	P	2274
-	Q	195
-	R	1182
-	S	3157
-	T	3228
-	U	447
-	V	272
-	W	1110
-	X	34
-	Y	396
-	Z	86
-	[	27
-	\	9
-	]	19
-	^	19
-	_	19
-	`	11
-	a	8624
-	b	9268
-	c	14788
-	d	7983
-	e	5611
-	f	8975
-	g	4390
-	h	5605
-	i	5477
-	j	432
-	k	2106
-	l	8206
-	m	8792
-	n	2357
-	o	11909
-	p	9770
-	q	1203
-	r	8205
-	s	15904
-	t	13710
-	u	2076
-	v	1080
-	w	4703
-	x	17
-	y	10875
-	z	76
-	{	14
-	|	8
-	}	15
-	~	12
.	!	25
.	"	51030
.	#	25
.	$	24
.	%	20
.	&	560
.	'	2981
.	(	114
.	)	8652
.	*	49
.	+	29
.	,	19200
.	-	895
.	.	11487
.	/	89
.	0	5342
.	1	5447
.	2	5825
.	3	4988
.	4	4476
.	5	7758
.	6	4658
.	7	4575
.	8	4533
.	9	5291
.	:	283
.	;	1339
.	<	21
.	=	11
.	>	10
.	?	55
.	@	12
.	A	5003
.	B	2144
.	C	4371
.	D	1643
.	E	840
.	F	1087
.	G	535
.	H	1138
.	I	3275
.	J	2514
.	K	616
.	L	1648
.	M	9552
.	N	737
.	O	775
.	P	1054
.	Q	31
.	R	995
.	S	4254
.	T	1128
.	U	287
.	V	749
.	W	521
.	X	20
.	Y	2203
.	Z	29
.	[	19
.	\	20
.	]	1948
.	^	14
.	_	17
.	`	15
.	a	54
.	b	48
.	c	32
.	d	24
.	e	48
.	f	18
.	g	34
.	h	57
.	i	35
.	j	18
.	k	22
.	l	25
.	m	85
.	n	22
.	o	20
.	p	119
.	q	13
.	r	50
.	s	26
.	t	23
.	u	28
.	v	45
.	w	29
.	x	33
.	y	16
.	z	19
.	{	13
.	|	11
.	}	8
.	~	9
/	!	8
/	"	99
/	#	12
/	$	12
/	%	9
/	&	4
/	'	14
/	(	11
/	)	13
/	*	42
/	+	12
/	,	8
/	-	12
/	.	14
/	/	37
/	0	5
/	1	186
/	2	1665
/	3	536
/	4	940
/	5	59
/	6	35
/	7	22
/	8	635
/	9	109
/	:	7
/	;	14
/	<	14
/	=	12
/	>	11
/	?	12
/	@	11
/	A	195
/	B	110
/	C	213
/	D	198
/	E	105
/	F	119
/	G	88
/	H	79
/	I	69
/	J	71
/	K	35
/	L	95
/	M	205
/	N	191
/	O	113
/	P	125
/	Q	9
/	R	143
/	S	226
/	T	1492
/	U	77
/	V	34
/	W	68
/	X	32
/	Y	28
/	Z	17
/	[	10
/	\	8
/	]	13
/	^	11
/	_	17
/	`	12
/	a	53
/	b	26
/	c	33
/	d	28
/	e	21
/	f	39
/	g	25
/	h	23
/	i	23
/	j	22
/	k	14
/	l	17
/	m	27
/	n	26
/	o	81
/	p	21
/	q	7
/	r	26
/	s	51
/	t	231
/	u	13
/	v	10
/	w	47
/	x	12
/	y	16
/	z	18
/	{	15
/	|	13
/	}	16
/	~	23
0	!	22
0	"	173
0	#	7
0	$	15
0	%	366
0	&	14
0	'	6335
0	(	11
0	)	4407
0	*	28
0	+	26
0	,	33208
0	-	8496
0	.	15232
0	/	108
0	0	218564
0	1	26894
0	2	23969
0	3	21990
0	4	8697
0	5	9876
0	6	8768
0	7	8620
0	8	8839
0	9	12759
0	:	960
0	;	822
0	<	11
0	=	13
0	>	7
0	?	191
0	@	14
0	A	43
0	B	14
0	C	36
0	D	25
0	E	12
0	F	26
0	G	13
0	H	28
0	I	20
0	J	17
0	K	20
0	L	19
0	M	21
0	N	34
0	O	13
0	P	16
0	Q	12
0	R	13
0	S	34
0	T	102
0	U	18
0	V	15
0	W	19
0	X	13
0	Y	16
0	Z	15
0	[	11
0	\	11
0	]	21
0	^	12
0	_	16
0	`	9
0	a	30
0	b	15
0	c	32
0	d	11
0	e	27
0	f	26
0	g	11
0	h	21
0	i	34
0	j	16
0	k	30
0	l	18
0	m	39
0	n	15
0	o	22
0	p	21
0	q	10
0	r	19
0	s	6016
0	t	3676
0	u	11
0	v	9
0	w	23
0	x	28
0	y	16
0	z	15
0	{	10
0	|	8
0	}	15
0	~	9
1	!	24
1	"	74
1	#	22
1	$	12
1	%	222
1	&	13
1	'	91
1	(	26
1	)	3813
1	*	23
1	+	27
1	,	26692
1	-	3916
1	.	15657
1	/	2524
1	0	40171
1	1	24777
1	2	39031
1	3	38623
1	4	27766
1	5	27899
1	6	50594
1	7	26436
1	8	72052
1	9	164610
1	:	1601
1	;	313
1	<	8
1	=	10
1	>	7
1	?	51
1	@	6
1	A	38
1	B	35
1	C	22
1	D	17
1	E	18
1	F	23
1	G	14
1	H	22
1	I	44
1	J	27
1	K	15
1	L	17
1	M	26
1	N	29
1	O	15
1	P	29
1	Q	12
1	R	27
1	S	31
1	T	82
1	U	18
1	V	27
1	W	18
1	X	16
1	Y	16
1	Z	11
1	[	15
1	\	12
1	]	46
1	^	14
1	_	21
1	`	15
1	a	36
1	b	24
1	c	18
1	d	18
1	e	19
1	f	21
1	g	21
1	h	16
1	i	30
1	j	21
1	k	13
1	l	14
1	m	14
1	n	10
1	o	13
1	p	9
1	q	9
1	r	9
1	s	770
1	t	475
1	u	19
1	v	10
1	w	22
1	x	16
1	y	15
1	z	18
1	{	12
1	|	15
1	}	11
1	~	12
2	!	40
2	"	95
2	#	26
2	$	20
2	%	228
2	&	18
2	'	100
2	(	25
2	)	4820
2	*	29
2	+	35
2	,	21444
2	-	5138
2	.	11650
2	/	150
2	0	99943
2	1	20810
2	2	19357
2	3	15696
2	4	16035
2	5	21649
2	6	12683
2	7	11822
2	8	12336
2	9	14642
2	:	1235
2	;	434
2	<	7
2	=	7
2	>	12
2	?	74
2	@	10
2	A	41
2	B	25
2	C	24
2	D	26
2	E	20
2	F	26
2	G	28
2	H	37
2	I	27
2	J	16
2	K	16
2	L	20
2	M	39
2	N	36
2	O	14
2	P	28
2	Q	8
2	R	19
2	S	25
2	T	110
2	U	19
2	V	17
2	W	12
2	X	17
2	Y	12
2	Z	13
2	[	14
2	\	14
2	]	48
2	^	7
2	_	14
2	`	15
2	a	23
2	b	44
2	c	23
2	d	534
2	e	17
2	f	13
2	g	15
2	h	19
2	i	28
2	j	19
2	k	19
2	l	12
2	m	31
2	n	405
2	o	11
2	p	6
2	q	13
2	r	15
2	s	32
2	t	500
2	u	15
2	v	15
2	w	28
2	x	16
2	y	13
2	z	18
2	{	16
2	|	11
2	}	16
2	~	11
3	!	46
3	"	46
3	#	11
3	$	17
3	%	220
3	&	7
3	'	42
3	(	18
3	)	3282
3	*	17
3	+	20
3	,	17366
3	-	4501
3	.	10717
3	/	673
3	0	26949
3	1	16851
3	2	13199
3	3	9576
3	4	9176
3	5	12072
3	6	10080
3	7	9984
3	8	9675
3	9	11002
3	:	824
3	;	260
3	<	12
3	=	13
3	>	14
3	?	62
3	@	18
3	A	25
3	B	22
3	C	31
3	D	44
3	E	13
3	F	21
3	G	12
3	H	18
3	I	15
3	J	10
3	K	11
3	L	21
3	M	34
3	N	39
3	O	21
3	P	20
3	Q	8
3	R	17
3	S	20
3	T	87
3	U	9
3	V	19
3	W	16
3	X	17
3	Y	14
3	Z	15
3	[	11
3	\	12
3	]	39
3	^	7
3	_	19
3	`	23
3	a	10
3	b	28
3	c	21
3	d	877
3	e	14
3	f	13
3	g	8
3	h	14
3	i	26
3	j	29
3	k	22
3	l	14
3	m	20
3	n	16
3	o	17
3	p	11
3	q	9
3	r	351
3	s	12
3	t	552
3	u	11
3	v	9
3	w	31
3	x	20
3	y	12
3	z	16
3	{	13
3	|	16
3	}	8
3	~	14
4	!	72
4	"	72
4	#	381
4	$	13
4	%	191
4	&	19
4	'	97
4	(	14
4	)	3222
4	*	28
4	+	24
4	,	16322
4	-	4197
4	.	9117
4	/	91
4	0	17054
4	1	8545
4	2	8745
4	3	8256
4	4	8737
4	5	11033
4	6	8402
4	7	8459
4	8	9392
4	9	11682
4	:	858
4	;	276
4	<	10
4	=	31
4	>	19
4	?	77
4	@	55
4	A	38
4	B	29
4	C	193
4	D	18
4	E	26
4	F	50
4	G	15
4	H	21
4	I	27
4	J	46
4	K	15
4	L	24
4	M	22
4	N	36
4	O	25
4	P	142
4	Q	604
4	R	11318
4	S	15987
4	T	99
4	U	24
4	V	14
4	W	12331
4	X	18
4	Y	22
4	Z	28
4	[	38
4	\	14
4	]	22
4	^	10129
4	_	26
4	`	13
4	a	26
4	b	20
4	c	27
4	d	24
4	e	17
4	f	15
4	g	16
4	h	22
4	i	23
4	j	15
4	k	27
4	l	15
4	m	16
4	n	132
4	o	14
4	p	12
4	q	17
4	r	19885
4	s	33
4	t	1356
4	u	13
4	v	11
4	w	19
4	x	14
4	y	12
4	z	19
4	{	18
4	|	14
4	}	24
4	~	11
5	!	67
5	"	42
5	#	12
5	$	19
5	%	316
5	&	21
5	'	33
5	(	11
5	)	3470
5	*	23
5	+	34
5	,	18814
5	-	4468
5	.	9995
5	/	206
5	0	27142
5	1	8304
5	2	8628
5	3	8563
5	4	8359
5	5	9307
5	6	8300
5	7	8267
5	8	8217
5	9	10731
5	:	990
5	;	491
5	<	9
5	=	9
5	>	8
5	?	108
5	@	11
5	A	52
5	B	21
5	C	23
5	D	14
5	E	23
5	F	12
5	G	14
5	H	25
5	I	11
5	J	16
5	K	18
5	L	26
5	M	24
5	N	37
5	O	16
5	P	17
5	Q	10
5	R	19
5	S	20
5	T	98
5	U	21
5	V	19
5	W	15
5	X	19
5	Y	20
5	Z	13
5	[	14
5	\	16
5	]	39
5	^	12
5	_	15
5	`	14
5	a	14
5	b	14
5	c	17
5	d	11
5	e	15
5	f	23
5	g	16
5	h	15
5	i	43
5	j	18
5	k	24
5	l	8
5	m	16
5	n	22
5	o	13
5	p	12
5	q	14
5	r	14
5	s	14
5	t	1512
5	u	16
5	v	27
5	w	17
5	x	22
5	y	15
5	z	13
5	{	14
5	|	17
5	}	15
5	~	8
6	!	61
6	"	24
6	#	22
6	$	6
6	%	199
6	&	9
6	'	35
6	(	12
6	)	3207
6	*	21
6	+	23
6	,	14721
6	-	4398
6	.	7668
6	/	48
6	0	16357
6	1	8192
6	2	8480
6	3	8325
6	4	8587
6	5	9495
6	6	8196
6	7	8307
6	8	8535
6	9	10448
6	:	764
6	;	295
6	<	10
6	=	14
6	>	17
6	?	65
6	@	11
6	A	26
6	B	18
6	C	19
6	D	35
6	E	17
6	F	22
6	G	12
6	H	27
6	I	16
6	J	19
6	K	20
6	L	24
6	M	34
6	N	35
6	O	19
6	P	24
6	Q	11
6	R	17
6	S	50
6	T	74
6	U	13
6	V	21
6	W	16
6	X	18
6	Y	23
6	Z	20
6	[	16
6	\	13
6	]	44
6	^	9
6	_	12
6	`	12
6	a	13
6	b	10
6	c	12
6	d	22
6	e	148
6	f	10
6	g	15
6	h	16
6	i	28
6	j	17
6	k	19
6	l	18
6	m	590
6	n	11
6	o	13
6	p	5
6	q	12
6	r	19
6	s	24
6	t	1582
6	u	14
6	v	16
6	w	24
6	x	27
6	y	18
6	z	16
6	{	14
6	|	21
6	}	15
6	~	14
7	!	30
7	"	24
7	#	9
7	$	16
7	%	235
7	&	17
7	'	66
7	(	6
7	)	2985
7	*	16
7	+	21
7	,	14084
7	-	3615
7	.	7318
7	/	185
7	0	14339
7	1	8217
7	2	8488
7	3	8044
7	4	8052
7	5	11771
7	6	8952
7	7	9013
7	8	9146
7	9	11436
7	:	1051
7	;	247
7	<	10
7	=	17
7	>	10
7	?	51
7	@	14
7	A	43
7	B	19
7	C	19
7	D	20
7	E	14
7	F	19
7	G	13
7	H	16
7	I	13
7	J	17
7	K	21
7	L	19
7	M	22
7	N	25
7	O	17
7	P	23
7	Q	17
7	R	12
7	S	18
7	T	90
7	U	18
7	V	22
7	W	19
7	X	14
7	Y	21
7	Z	9
7	[	21
7	\	13
7	]	30
7	^	12
7	_	20
7	`	12
7	a	504
7	b	16
7	c	23
7	d	10
7	e	17
7	f	7
7	g	15
7	h	13
7	i	16
7	j	13
7	k	22
7	l	18
7	m	28
7	n	19
7	o	16
7	p	13
7	q	7
7	r	10
7	s	26
7	t	1680
7	u	16
7	v	16
7	w	15
7	x	18
7	y	11
7	z	22
7	{	13
7	|	13
7	}	14
7	~	29
8	!	42
8	"	29
8	#	18
8	$	31
8	%	283
8	&	19
8	'	77
8	(	14
8	)	3426
8	*	20
8	+	28
8	,	14843
8	-	3263
8	.	7187
8	/	33
8	0	18960
8	1	10175
8	2	10052
8	3	10568
8	4	10903
8	5	12531
8	6	12925
8	7	12491
8	8	13045
8	9	16287
8	:	868
8	;	305
8	<	10
8	=	14
8	>	9
8	?	74
8	@	16
8	A	23
8	B	22
8	C	19
8	D	28
8	E	13
8	F	25
8	G	19
8	H	14
8	I	16
8	J	19
8	K	15
8	L	13
8	M	27
8	N	39
8	O	10
8	P	21
8	Q	20
8	R	16
8	S	15
8	T	88
8	U	19
8	V	15
8	W	19
8	X	19
8	Y	26
8	Z	16
8	[	13
8	\	10
8	]	33
8	^	22
8	_	18
8	`	17
8	a	11
8	b	15
8	c	39
8	d	9
8	e	20
8	f	19
8	g	22
8	h	12
8	i	23
8	j	14
8	k	10
8	l	19
8	m	16
8	n	14
8	o	18
8	p	15
8	q	10
8	r	13
8	s	29
8	t	1891
8	u	15
8	v	12
8	w	24
8	x	8
8	y	17
8	z	11
8	{	15
8	|	14
8	}	13
8	~	12
9	!	43
9	"	72
9	#	33
9	$	42
9	%	195
9	&	36
9	'	71
9	(	39
9	)	3214
9	*	34
9	+	44
9	,	13975
9	-	2967
9	.	7654
9	/	81
9	0	26449
9	1	22106
9	2	76237
9	3	13876
9	4	14071
9	5	16456
9	6	16548
9	7	17397
9	8	29521
9	9	46230
9	:	881
9	;	274
9	<	7
9	=	10
9	>	17
9	?	32
9	@	15
9	A	30
9	B	16
9	C	18
9	D	17
9	E	16
9	F	25
9	G	22
9	H	12
9	I	14
9	J	24
9	K	14
9	L	13
9	M	27
9	N	29
9	O	12
9	P	19
9	Q	14
9	R	18
9	S	23
9	T	74
9	U	17
9	V	8
9	W	18
9	X	17
9	Y	22
9	Z	23
9	[	14
9	\	14
9	]	42
9	^	12
9	_	17
9	`	15
9	a	9
9	b	14
9	c	16
9	d	14
9	e	129
9	f	15
9	g	15
9	h	11
9	i	24
9	j	22
9	k	19
9	l	17
9	m	472
9	n	13
9	o	9
9	p	13
9	q	14
9	r	22
9	s	17
9	t	3122
9	u	12
9	v	13
9	w	22
9	x	17
9	y	18
9	z	13
9	{	9
9	|	9
9	}	11
9	~	14
:	!	12
:	"	14
:	#	11
:	$	14
:	%	4
:	&	16
:	'	23
:	(	11
:	)	20
:	*	10
:	+	17
:	,	12
:	-	12
:	.	7
:	/	11
:	0	411
:	1	627
:	2	407
:	3	2182
:	4	588
:	5	387
:	6	39
:	7	26
:	8	25
:	9	17
:	:	11
:	;	16
:	<	11
:	=	5
:	>	6
:	?	9
:	@	10
:	A	16
:	B	10
:	C	18
:	D	14
:	E	12
:	F	10
:	G	9
:	H	17
:	I	24
:	J	16
:	K	18
:	L	10
:	M	16
:	N	14
:	O	17
:	P	20
:	Q	16
:	R	13
:	S	20
:	T	35
:	U	22
:	V	25
:	W	18
:	X	14
:	Y	23
:	Z	12
:	[	13
:	\	9
:	]	23
:	^	12
:	_	14
:	`	11
:	a	8
:	b	15
:	c	15
:	d	9
:	e	12
:	f	11
:	g	15
:	h	16
:	i	28
:	j	14
:	k	23
:	l	18
:	m	14
:	n	19
:	o	13
:	p	13
:	q	14
:	r	18
:	s	15
:	t	17
:	u	15
:	v	15
:	w	22
:	x	11
:	y	13
:	z	9
:	{	11
:	|	8
:	}	8
:	~	9
;	!	15
;	"	20
;	#	7
;	$	13
;	%	14
;	&	12
;	'	21
;	(	13
;	)	19
;	*	18
;	+	10
;	,	14
;	-	9
;	.	13
;	/	14
;	0	7
;	1	14
;	2	4
;	3	11
;	4	12
;	5	12
;	6	19
;	7	14
;	8	12
;	9	15
;	:	11
;	;	10
;	<	15
;	=	9
;	>	11
;	?	10
;	@	9
;	A	22
;	B	12
;	C	14
;	D	21
;	E	16
;	F	11
;	G	9
;	H	18
;	I	18
;	J	14
;	K	18
;	L	13
;	M	20
;	N	15
;	O	15
;	P	13
;	Q	10
;	R	11
;	S	19
;	T	43
;	U	17
;	V	19
;	W	19
;	X	13
;	Y	14
;	Z	20
;	[	10
;	\	18
;	]	12
;	^	14
;	_	11
;	`	11
;	a	9
;	b	11
;	c	6
;	d	9
;	e	9
;	f	17
;	g	14
;	h	13
;	i	12
;	j	18
;	k	16
;	l	7
;	m	19
;	n	17
;	o	10
;	p	3
;	q	9
;	r	13
;	s	12
;	t	19
;	u	14
;	v	13
;	w	11
;	x	14
;	y	12
;	z	7
;	{	14
;	|	11
;	}	12
;	~	13
<	!	11
<	"	11
<	#	14
<	$	9
<	%	11
<	&	15
<	'	23
<	(	14
<	)	13
<	*	20
<	+	14
<	,	12
<	-	8
<	.	12
<	/	10
<	0	14
<	1	10
<	2	9
<	3	14
<	4	23
<	5	15
<	6	13
<	7	13
<	8	16
<	9	16
<	:	12
<	;	5
<	<	10
<	=	11
<	>	11
<	?	9
<	@	13
<	A	28
<	B	7
<	C	31
<	D	13
<	E	15
<	F	18
<	G	11
<	H	24
<	I	31
<	J	11
<	K	12
<	L	15
<	M	16
<	N	21
<	O	6
<	P	15
<	Q	5
<	R	19
<	S	22
<	T	36
<	U	10
<	V	18
<	W	8
<	X	9
<	Y	22
<	Z	9
<	[	11
<	\	17
<	]	10
<	^	15
<	_	13
<	`	14
<	a	12
<	b	15
<	c	25
<	d	11
<	e	20
<	f	7
<	g	18
<	h	16
<	i	13
<	j	15
<	k	15
<	l	13
<	m	15
<	n	12
<	o	11
<	p	12
<	q	6
<	r	16
<	s	10
<	t	8
<	u	23
<	v	14
<	w	14
<	x	16
<	y	7
<	z	14
<	{	21
<	|	3
<	}	16
<	~	9
=	!	8
=	"	12
=	#	5
=	$	8
=	%	14
=	&	17
=	'	21
=	(	12
=	)	14
=	*	25
=	+	19
=	,	19
=	-	18
=	.	19
=	/	12
=	0	10
=	1	30
=	2	10
=	3	17
=	4	16
=	5	14
=	6	16
=	7	11
=	8	16
=	9	13
=	:	16
=	;	13
=	<	9
=	=	10
=	>	317
=	?	5
=	@	13
=	A	23
=	B	13
=	C	16
=	D	12
=	E	7
=	F	11
=	G	9
=	H	10
=	I	21
=	J	18
=	K	11
=	L	16
=	M	14
=	N	9
=	O	17
=	P	10
=	Q	9
=	R	8
=	S	25
=	T	68
=	U	11
=	V	7
=	W	12
=	X	14
=	Y	17
=	Z	14
=	[	12
=	\	14
=	]	18
=	^	9
=	_	11
=	`	13
=	a	4
=	b	11
=	c	22
=	d	9
=	e	13
=	f	10
=	g	10
=	h	24
=	i	23
=	j	17
=	k	20
=	l	20
=	m	15
=	n	10
=	o	17
=	p	7
=	q	7
=	r	14
=	s	16
=	t	15
=	u	14
=	v	10
=	w	14
=	x	13
=	y	9
=	z	14
=	{	17
=	|	12
=	}	11
=	~	8
>	!	12
>	"	10
>	#	14
>	$	12
>	%	12
>	&	13
>	'	21
>	(	9
>	)	26
>	*	18
>	+	16
>	,	8
>	-	5
>	.	12
>	/	17
>	0	8
>	1	17
>	2	8
>	3	17
>	4	8
>	5	19
>	6	16
>	7	13
>	8	12
>	9	15
>	:	14
>	;	12
>	<	16
>	=	12
>	>	9
>	?	9
>	@	12
>	A	48
>	B	17
>	C	18
>	D	23
>	E	13
>	F	17
>	G	18
>	H	14
>	I	19
>	J	10
>	K	11
>	L	15
>	M	14
>	N	14
>	O	14
>	P	15
>	Q	7
>	R	26
>	S	24
>	T	70
>	U	10
>	V	17
>	W	17
>	X	14
>	Y	10
>	Z	13
>	[	12
>	\	12
>	]	12
>	^	5
>	_	11
>	`	9
>	a	10
>	b	9
>	c	11
>	d	10
>	e	11
>	f	8
>	g	12
>	h	14
>	i	17
>	j	11
>	k	13
>	l	12
>	m	12
>	n	9
>	o	9
>	p	8
>	q	8
>	r	11
>	s	11
>	t	14
>	u	11
>	v	12
>	w	13
>	x	12
>	y	18
>	z	14
>	{	10
>	|	15
>	}	11
>	~	12
?	!	21
?	"	2813
?	#	5
?	$	5
?	%	5
?	&	10
?	'	465
?	(	8
?	)	255
?	*	11
?	+	24
?	,	79
?	-	10
?	.	14
?	/	18
?	0	10
?	1	6
?	2	15
?	3	12
?	4	9
?	5	7
?	6	13
?	7	16
?	8	7
?	9	12
?	:	21
?	;	17
?	<	9
?	=	7
?	>	9
?	?	15
?	@	10
?	A	54
?	B	17
?	C	14
?	D	16
?	E	12
?	F	12
?	G	14
?	H	18
?	I	23
?	J	15
?	K	10
?	L	19
?	M	26
?	N	14
?	O	5
?	P	23
?	Q	11
?	R	8
?	S	26
?	T	108
?	U	93
?	V	12
?	W	14
?	X	15
?	Y	11
?	Z	10
?	[	10
?	\	7
?	]	5
?	^	12
?	_	7
?	`	11
?	a	12
?	b	7
?	c	8
?	d	7
?	e	5
?	f	12
?	g	14
?	h	7
?	i	13
?	j	6
?	k	12
?	l	7
?	m	8
?	n	10
?	o	12
?	p	6
?	q	14
?	r	9
?	s	8
?	t	8
?	u	9
?	v	7
?	w	16
?	x	10
?	y	9
?	z	14
?	{	13
?	|	6
?	}	13
?	~	15
@	!	7
@	"	6
@	#	9
@	$	10
@	%	12
@	&	10
@	'	11
@	(	9
@	)	8
@	*	14
@	+	15
@	,	20
@	-	9
@	.	7
@	/	11
@	0	7
@	1	17
@	2	10
@	3	12
@	4	14
@	5	12
@	6	13
@	7	14
@	8	8
@	9	9
@	:	7
@	;	17
@	<	7
@	=	6
@	>	10
@	?	3
@	@	9
@	A	78
@	B	21
@	C	36
@	D	10
@	E	10
@	F	10
@	G	19
@	H	10
@	I	33
@	J	13
@	K	12
@	L	20
@	M	34
@	N	19
@	O	17
@	P	23
@	Q	7
@	R	16
@	S	30
@	T	129
@	U	8
@	V	18
@	W	25
@	X	8
@	Y	21
@	Z	10
@	[	11
@	\	10
@	]	12
@	^	6
@	_	10
@	`	10
@	a	8
@	b	8
@	c	14
@	d	7
@	e	10
@	f	5
@	g	7
@	h	6
@	i	15
@	j	18
@	k	14
@	l	12
@	m	11
@	n	11
@	o	7
@	p	7
@	q	14
@	r	9
@	s	14
@	t	11
@	u	5
@	v	9
@	w	18
@	x	9
@	y	9
@	z	10
@	{	6
@	|	13
@	}	10
@	~	7
A	!	20
A	"	47
A	#	17
A	$	16
A	%	13
A	&	68
A	'	224
A	(	20
A	)	890
A	*	47
A	+	69
A	,	1730
A	-	482
A	.	12633
A	/	69
A	0	15
A	1	2026
A	2	508
A	3	284
A	4	94
A	5	57
A	6	144
A	7	65
A	8	169
A	9	91
A	:	68
A	;	644
A	<	9
A	=	10
A	>	7
A	?	13
A	@	13
A	A	687
A	B	2402
A	C	4504
A	D	4773
A	E	706
A	F	1058
A	G	2338
A	H	581
A	I	5349
A	J	194
A	K	1172
A	L	11761
A	M	6013
A	N	28561
A	O	138
A	P	5404
A	Q	219
A	R	12125
A	S	7349
A	T	16119
A	U	1936
A	V	1688
A	W	890
A	X	385
A	Y	1762
A	Z	473
A	[	16
A	\	6
A	]	13
A	^	8
A	_	16
A	`	8
A	a	415
A	b	16148
A	c	8184
A	d	11684
A	e	1058
A	f	16100
A	g	6483
A	h	424
A	i	4853
A	j	115
A	k	601
A	l	31123
A	m	42037
A	n	38905
A	o	58
A	p	7916
A	q	517
A	r	26626
A	s	24014
A	t	16629
A	u	11441
A	v	4653
A	w	968
A	x	225
A	y	443
A	z	1103
A	{	15
A	|	14
A	}	14
A	~	11
B	!	16
B	"	30
B	#	13
B	$	11
B	%	9
B	&	19
B	'	189
B	(	17
B	)	76
B	*	19
B	+	49
B	,	203
B	-	283
B	.	4236
B	/	19
B	0	9
B	1	418
B	2	188
B	3	317
B	4	173
B	5	179
B	6	142
B	7	188
B	8	94
B	9	144
B	:	35
B	;	14
B	<	11
B	=	10
B	>	6
B	?	14
B	@	9
B	A	3406
B	B	683
B	C	4920
B	D	196
B	E	3224
B	F	38
B	G	43
B	H	60
B	I	3939
B	J	84
B	K	24
B	L	2935
B	M	306
B	N	74
B	O	2683
B	P	83
B	Q	10
B	R	2140
B	S	1657
B	T	261
B	U	1976
B	V	27
B	W	112
B	X	39
B	Y	419
B	Z	21
B	[	16
B	\	10
B	]	7
B	^	5
B	_	10
B	`	11
B	a	31341
B	b	113
B	c	124
B	d	147
B	e	30500
B	f	122
B	g	106
B	h	251
B	i	12131
B	j	133
B	k	52
B	l	7804
B	m	13
B	n	55
B	o	26017
B	p	7
B	q	8
B	r	36798
B	s	30
B	t	21
B	u	53681
B	v	13
B	w	20
B	x	16
B	y	7338
B	z	19
B	{	9
B	|	6
B	}	13
B	~	16
C	!	13
C	"	26
C	#	8
C	$	16
C	%	11
C	&	40
C	'	483
C	(	17
C	)	3786
C	*	21
C	+	28
C	,	594
C	-	437
C	.	7471
C	/	80
C	0	16
C	1	708
C	2	79
C	3	61
C	4	54
C	5	50
C	6	70
C	7	37
C	8	51
C	9	23
C	:	547
C	;	111
C	<	14
C	=	6
C	>	11
C	?	13
C	@	14
C	A	7360
C	B	1327
C	C	653
C	D	652
C	E	5300
C	F	243
C	G	71
C	H	5976
C	I	4725
C	J	25
C	K	2162
C	L	1355
C	M	112
C	N	253
C	O	12559
C	P	223
C	Q	67
C	R	1542
C	S	1397
C	T	3679
C	U	1639
C	V	35
C	W	36
C	X	40
C	Y	445
C	Z	57
C	[	11
C	\	8
C	]	16
C	^	14
C	_	18
C	`	16
C	a	53972
C	b	19
C	c	28
C	d	17
C	e	11108
C	f	10
C	g	14
C	h	44701
C	i	16619
C	j	13
C	k	17
C	l	16754
C	m	10
C	n	22
C	o	111735
C	p	900
C	q	10
C	r	11279
C	s	88
C	t	50
C	u	8821
C	v	17
C	w	27
C	x	9
C	y	1156
C	z	1141
C	{	16
C	|	10
C	}	19
C	~	8
D	!	19
D	"	33
D	#	22
D	$	17
D	%	50
D	&	22
D	'	814
D	(	20
D	)	462
D	*	22
D	+	24
D	,	1303
D	-	418
D	.	4280
D	/	32
D	0	12
D	1	825
D	2	223
D	3	73
D	4	177
D	5	85
D	6	109
D	7	68
D	8	111
D	9	29
D	:	82
D	;	564
D	<	7
D	=	5
D	>	11
D	?	16
D	@	19
D	A	3221
D	B	212
D	C	395
D	D	661
D	E	6869
D	F	124
D	G	671
D	H	126
D	I	4552
D	J	52
D	K	74
D	L	509
D	M	295
D	N	477
D	O	2213
D	P	119
D	Q	22
D	R	1331
D	S	3906
D	T	457
D	U	1873
D	V	165
D	W	294
D	X	43
D	Y	422
D	Z	38
D	[	18
D	\	17
D	]	11
D	^	12
D	_	12
D	`	12
D	a	25718
D	b	14
D	c	30
D	d	13
D	e	46396
D	f	15
D	g	10
D	h	125
D	i	17411
D	j	116
D	k	15
D	l	25
D	m	94
D	n	86
D	o	14931
D	p	9
D	q	4
D	r	13973
D	s	104
D	t	10
D	u	10092
D	v	127
D	w	494
D	x	9
D	y	1074
D	z	75
D	{	7
D	|	14
D	}	14
D	~	7
E	!	56
E	"	59
E	#	28
E	$	51
E	%	28
E	&	29
E	'	200
E	(	37
E	)	1886
E	*	28
E	+	18
E	,	2669
E	-	277
E	.	3692
E	/	21
E	0	6
E	1	16
E	2	31
E	3	18
E	4	15
E	5	17
E	6	13
E	7	9
E	8	13
E	9	27
E	:	297
E	;	830
E	<	18
E	=	16
E	>	28
E	?	54
E	@	9
E	A	6669
E	B	761
E	C	4339
E	D	5242
E	E	2412
E	F	1093
E	G	1522
E	H	269
E	I	1141
E	J	71
E	K	319
E	L	6790
E	M	2975
E	N	11759
E	O	1631
E	P	6103
E	Q	82
E	R	18509
E	S	15058
E	T	4813
E	U	637
E	V	1701
E	W	3271
E	X	5744
E	Y	1440
E	Z	210
E	[	20
E	\	9
E	]	8
E	^	10
E	_	13
E	`	19
E	a	16983
E	b	174
E	c	2804
E	d	9538
E	e	57
E	f	524
E	g	2570
E	h	150
E	i	1987
E	j	34
E	k	156
E	l	9397
E	m	4803
E	n	17388
E	o	71
E	p	855
E	q	821
E	r	3090
E	s	2708
E	t	1307
E	u	12192
E	v	7635
E	w	581
E	x	7705
E	y	392
E	z	129
E	{	21
E	|	11
E	}	8
E	~	19
F	!	17
F	"	14
F	#	12
F	$	10
F	%	15
F	&	61
F	'	36
F	(	25
F	)	264
F	*	33
F	+	26
F	,	146
F	-	169
F	.	4425
F	/	15
F	0	16
F	1	21
F	2	72
F	3	16
F	4	29
F	5	24
F	6	16
F	7	21
F	8	503
F	9	11
F	:	29
F	;	46
F	<	11
F	=	10
F	>	14
F	?	10
F	@	14
F	A	1961
F	B	107
F	C	333
F	D	188
F	E	2046
F	F	917
F	G	68
F	H	82
F	I	2387
F	J	34
F	K	62
F	L	932
F	M	184
F	N	38
F	O	4518
F	P	67
F	Q	13
F	R	2025
F	S	179
F	T	727
F	U	544
F	V	17
F	W	69
F	X	17
F	Y	38
F	Z	16
F	[	16
F	\	15
F	]	10
F	^	8
F	_	9
F	`	13
F	a	12687
F	b	16
F	c	19
F	d	18
F	e	23503
F	f	20
F	g	19
F	h	25
F	i	16673
F	j	107
F	k	14
F	l	10131
F	m	14
F	n	13
F	o	28437
F	p	13
F	q	19
F	r	35538
F	s	18
F	t	34
F	u	4561
F	v	11
F	w	13
F	x	17
F	y	40
F	z	18
F	{	19
F	|	16
F	}	13
F	~	13
G	!	28
G	"	31
G	#	21
G	$	65
G	%	12
G	&	36
G	'	69
G	(	16
G	)	105
G	*	16
G	+	28
G	,	745
G	-	200
G	.	3195
G	/	35
G	0	21
G	1	19
G	2	8
G	3	16
G	4	22
G	5	18
G	6	20
G	7	12
G	8	16
G	9	12
G	:	51
G	;	501
G	<	19
G	=	13
G	>	12
G	?	20
G	@	13
G	A	2768
G	B	76
G	C	60
G	D	109
G	E	4944
G	F	77
G	G	169
G	H	1478
G	I	2250
G	J	23
G	K	49
G	L	819
G	M	239
G	N	907
G	O	2327
G	P	51
G	Q	36
G	R	3816
G	S	642
G	T	1796
G	U	1250
G	V	23
G	W	40
G	X	27
G	Y	840
G	Z	23
G	[	19
G	\	13
G	]	15
G	^	8
G	_	20
G	`	16
G	a	15179
G	b	15
G	c	20
G	d	79
G	e	28584
G	f	18
G	g	11
G	h	701
G	i	6187
G	j	22
G	k	19
G	l	3154
G	m	21
G	n	63
G	o	26617
G	p	85
G	q	10
G	r	25029
G	s	18
G	t	15
G	u	8216
G	v	15
G	w	155
G	x	23
G	y	292
G	z	23
G	{	22
G	|	16
G	}	23
G	~	21
H	!	25
H	"	24
H	#	13
H	$	25
H	%	17
H	&	27
H	'	61
H	(	23
H	)	158
H	*	17
H	+	20
H	,	960
H	-	193
H	.	3797
H	/	17
H	0	13
H	1	10
H	2	29
H	3	14
H	4	17
H	5	12
H	6	15
H	7	20
H	8	19
H	9	15
H	:	164
H	;	176
H	<	13
H	=	13
H	>	12
H	?	17
H	@	8
H	A	4613
H	B	115
H	C	87
H	D	115
H	E	9195
H	F	68
H	G	36
H	H	54
H	I	7275
H	J	20
H	K	84
H	L	323
H	M	245
H	N	808
H	O	4082
H	P	47
H	Q	86
H	R	578
H	S	177
H	T	950
H	U	1071
H	V	36
H	W	109
H	X	22
H	Y	1991
H	Z	19
H	[	22
H	\	15
H	]	16
H	^	18
H	_	9
H	`	17
H	a	32257
H	b	22
H	c	25
H	d	13
H	e	56524
H	f	14
H	g	15
H	h	15
H	i	25234
H	j	17
H	k	12
H	l	110
H	m	31
H	n	12
H	o	32635
H	p	14
H	q	21
H	r	88
H	s	101
H	t	11
H	u	9303
H	v	21
H	w	59
H	x	19
H	y	1088
H	z	39
H	{	16
H	|	14
H	}	16
H	~	13
I	!	14
I	"	80
I	#	18
I	$	19
I	%	58
I	&	22
I	'	7377
I	(	17
I	)	225
I	*	16
I	+	21
I	,	2541
I	-	175
I	.	6927
I	/	49
I	0	11
I	1	16
I	2	15
I	3	16
I	4	22
I	5	18
I	6	14
I	7	16
I	8	15
I	9	16
I	:	94
I	;	88
I	<	13
I	=	16
I	>	11
I	?	34
I	@	6
I	A	6270
I	B	2235
I	C	9375
I	D	4331
I	E	4051
I	F	1703
I	G	2656
I	H	59
I	I	6756
I	J	170
I	K	390
I	L	5483
I	M	2338
I	N	21075
I	O	11605
I	P	1242
I	Q	193
I	R	3648
I	S	13468
I	T	9808
I	U	332
I	V	2434
I	W	59
I	X	324
I	Y	59
I	Z	742
I	[	28
I	\	14
I	]	15
I	^	8
I	_	15
I	`	9
I	a	576
I	b	381
I	c	1007
I	d	1121
I	e	70
I	f	9649
I	g	410
I	h	22
I	i	27
I	j	24
I	k	110
I	l	3411
I	m	2666
I	n	94711
I	o	1327
I	p	69
I	q	51
I	r	8631
I	s	17507
I	t	41958
I	u	37
I	v	846
I	w	67
I	x	21
I	y	16
I	z	146
I	{	8
I	|	16
I	}	17
I	~	12
J	!	7
J	"	18
J	#	12
J	$	12
J	%	18
J	&	12
J	'	58
J	(	11
J	)	187
J	*	16
J	+	20
J	,	46
J	-	46
J	.	7312
J	/	11
J	0	14
J	1	7
J	2	14
J	3	18
J	4	16
J	5	15
J	6	18
J	7	14
J	8	14
J	9	17
J	:	15
J	;	28
J	<	10
J	=	14
J	>	6
J	?	15
J	@	9
J	A	1301
J	B	33
J	C	20
J	D	10
J	E	752
J	F	40
J	G	12
J	H	12
J	I	253
J	J	22
J	K	21
J	L	16
J	M	27
J	N	13
J	O	1205
J	P	26
J	Q	19
J	R	209
J	S	17
J	T	21
J	U	461
J	V	52
J	W	33
J	X	44
J	Y	17
J	Z	23
J	[	21
J	\	14
J	]	10
J	^	17
J	_	18
J	`	17
J	a	35152
J	b	16
J	c	23
J	d	14
J	e	14959
J	f	14
J	g	17
J	h	61
J	i	2397
J	j	19
J	k	16
J	l	17
J	m	8
J	n	21
J	o	24592
J	p	10
J	q	18
J	r	2613
J	s	26
J	t	13
J	u	15742
J	v	16
J	w	18
J	x	13
J	y	27
J	z	14
J	{	7
J	|	13
J	}	8
J	~	13
K	!	18
K	"	26
K	#	8
K	$	16
K	%	14
K	&	10
K	'	72
K	(	14
K	)	170
K	*	15
K	+	19
K	,	644
K	-	175
K	.	1649
K	/	16
K	0	10
K	1	11
K	2	32
K	3	12
K	4	21
K	5	17
K	6	20
K	7	19
K	8	15
K	9	12
K	:	29
K	;	65
K	<	11
K	=	19
K	>	8
K	?	19
K	@	7
K	A	1008
K	B	43
K	C	50
K	D	44
K	E	2406
K	F	63
K	G	85
K	H	190
K	I	1592
K	J	8
K	K	49
K	L	579
K	M	126
K	N	222
K	O	628
K	P	49
K	Q	15
K	R	265
K	S	925
K	T	193
K	U	136
K	V	32
K	W	58
K	X	15
K	Y	478
K	Z	14
K	[	18
K	\	13
K	]	17
K	^	22
K	_	18
K	`	13
K	a	9688
K	b	31
K	c	42
K	d	57
K	e	11461
K	f	95
K	g	100
K	h	1549
K	i	9653
K	j	51
K	k	12
K	l	2039
K	m	30
K	n	3203
K	o	6674
K	p	21
K	q	12
K	r	2726
K	s	24
K	t	17
K	u	3028
K	v	31
K	w	133
K	x	13
K	y	612
K	z	19
K	{	9
K	|	14
K	}	15
K	~	14
L	!	36
L	"	28
L	#	24
L	$	20
L	%	13
L	&	28
L	'	179
L	(	21
L	)	214
L	*	16
L	+	25
L	,	834
L	-	173
L	.	5048
L	/	17
L	0	15
L	1	85
L	2	61
L	3	35
L	4	33
L	5	36
L	6	26
L	7	34
L	8	19
L	9	22
L	:	46
L	;	273
L	<	8
L	=	15
L	>	9
L	?	11
L	@	11
L	A	9236
L	B	578
L	C	393
L	D	2309
L	E	9037
L	F	355
L	G	333
L	H	82
L	I	9342
L	J	17
L	K	540
L	L	4876
L	M	433
L	N	175
L	O	4439
L	P	542
L	Q	19
L	R	123
L	S	1757
L	T	1856
L	U	1499
L	V	395
L	W	137
L	X	32
L	Y	1528
L	Z	33
L	[	14
L	\	16
L	]	17
L	^	13
L	_	14
L	`	16
L	a	30687
L	b	26
L	c	20
L	d	15
L	e	22866
L	f	15
L	g	19
L	h	47
L	i	22233
L	j	58
L	k	13
L	l	584
L	m	19
L	n	15
L	o	23234
L	p	9
L	q	15
L	r	13
L	s	33
L	t	640
L	u	5118
L	v	36
L	w	16
L	x	20
L	y	2145
L	z	18
L	{	9
L	|	11
L	}	12
L	~	14
M	!	15
M	"	26
M	#	18
M	$	14
M	%	20
M	&	49
M	'	113
M	(	15
M	)	242
M	*	29
M	+	20
M	,	532
M	-	193
M	.	13225
M	/	64
M	0	10
M	1	48
M	2	18
M	3	27
M	4	16
M	5	19
M	6	37
M	7	14
M	8	20
M	9	15
M	:	68
M	;	136
M	<	8
M	=	13
M	>	10
M	?	20
M	@	7
M	A	7056
M	B	842
M	C	420
M	D	100
M	E	7966
M	F	102
M	G	216
M	H	38
M	I	4769
M	J	30
M	K	23
M	L	68
M	M	1187
M	N	529
M	O	3909
M	P	5818
M	Q	16
M	R	170
M	S	967
M	T	263
M	U	1246
M	V	32
M	W	112
M	X	36
M	Y	833
M	Z	14
M	[	12
M	\	14
M	]	39
M	^	9
M	_	9
M	`	15
M	a	82212
M	b	34
M	c	6983
M	d	578
M	e	27497
M	f	32
M	g	44
M	h	25
M	i	35618
M	j	21
M	k	64
M	l	33
M	m	56
M	n	34
M	o	39034
M	p	19
M	q	12
M	r	75110
M	s	8399
M	t	58
M	u	12605
M	v	18
M	w	40
M	x	11
M	y	3459
M	z	24
M	{	10
M	|	8
M	}	7
M	~	19
N	!	33
N	"	86
N	#	22
N	$	34
N	%	19
N	&	18
N	'	340
N	(	20
N	)	938
N	*	18
N	+	22
N	,	4670
N	-	553
N	.	9913
N	/	18
N	0	7
N	1	19
N	2	13
N	3	13
N	4	19
N	5	21
N	6	25
N	7	8
N	8	17
N	9	10
N	:	188
N	;	1618
N	<	13
N	=	14
N	>	11
N	?	24
N	@	9
N	A	7681
N	B	999
N	C	3714
N	D	13484
N	E	12474
N	F	697
N	G	9889
N	H	375
N	I	6694
N	J	401
N	K	854
N	L	203
N	M	918
N	N	1840
N	O	3177
N	P	92
N	Q	72
N	R	231
N	S	6669
N	T	8580
N	U	550
N	V	519
N	W	396
N	X	130
N	Y	33498
N	Z	169
N	[	17
N	\	13
N	]	13
N	^	6
N	_	17
N	`	11
N	a	24558
N	b	95
N	c	177
N	d	221
N	e	68219
N	f	185
N	g	220
N	h	82
N	i	8141
N	j	33
N	k	57
N	l	21
N	m	10
N	n	14
N	o	34785
N	p	11
N	q	13
N	r	32
N	s	19
N	t	43
N	u	2091
N	v	19
N	w	31
N	x	14
N	y	443
N	z	27
N	{	22
N	|	13
N	}	13
N	~	14
O	!	22
O	"	14
O	#	10
O	$	13
O	%	16
O	&	13
O	'	1600
O	(	23
O	)	339
O	*	17
O	+	14
O	,	1390
O	-	306
O	.	1656
O	/	11
O	0	12
O	1	7
O	2	21
O	3	24
O	4	8
O	5	9
O	6	19
O	7	6
O	8	12
O	9	17
O	:	25
O	;	72
O	<	14
O	=	5
O	>	14
O	?	16
O	@	9
O	A	860
O	B	1258
O	C	2037
O	D	1821
O	E	506
O	F	4692
O	G	2968
O	H	861
O	I	725
O	J	43
O	K	1140
O	L	5839
O	M	8709
O	N	21289
O	O	2454
O	P	2354
O	Q	38
O	R	19182
O	S	2975
O	T	3854
O	U	4177
O	V	2280
O	W	2180
O	X	204
O	Y	415
O	Z	143
O	[	14
O	\	5
O	]	12
O	^	15
O	_	16
O	`	13
O	a	829
O	b	1080
O	c	5162
O	d	651
O	e	141
O	f	5899
O	g	339
O	h	2120
O	i	713
O	j	52
O	k	1116
O	l	7071
O	m	500
O	n	18937
O	o	66
O	p	3857
O	q	13
O	r	9123
O	s	1794
O	t	6789
O	u	2874
O	v	1822
O	w	767
O	x	796
O	y	203
O	z	293
O	{	18
O	|	18
O	}	21
O	~	24
P	!	10
P	"	19
P	#	6
P	$	14
P	%	10
P	&	6
P	'	57
P	(	13
P	)	1898
P	*	12
P	+	18
P	,	194
P	-	97
P	.	8481
P	/	15
P	0	7
P	1	14
P	2	25
P	3	9
P	4	14
P	5	15
P	6	17
P	7	5
P	8	11
P	9	11
P	:	34
P	;	62
P	<	5
P	=	9
P	>	18
P	?	7
P	@	10
P	A	8351
P	B	174
P	C	437
P	D	38
P	E	4238
P	F	40
P	G	305
P	H	3361
P	I	1932
P	J	14
P	K	39
P	L	2724
P	M	244
P	N	122
P	O	7112
P	P	728
P	Q	10
P	R	2879
P	S	884
P	T	663
P	U	1226
P	V	23
P	W	38
P	X	24
P	Y	129
P	Z	32
P	[	13
P	\	9
P	]	12
P	^	8
P	_	11
P	`	11
P	a	42251
P	b	24
P	c	10
P	d	14
P	e	25775
P	f	211
P	g	23
P	h	16645
P	i	8783
P	j	10
P	k	21
P	l	9471
P	m	10
P	n	31
P	o	20918
P	p	12
P	q	11
P	r	40650
P	s	485
P	t	170
P	u	6649
P	v	14
P	w	94
P	x	15
P	y	562
P	z	17
P	{	24
P	|	7
P	}	17
P	~	12
Q	!	5
Q	"	8
Q	#	15
Q	$	11
Q	%	13
Q	&	25
Q	'	40
Q	(	8
Q	)	22
Q	*	15
Q	+	19
Q	,	27
Q	-	24
Q	.	1014
Q	/	10
Q	0	8
Q	1	7
Q	2	9
Q	3	12
Q	4	10
Q	5	12
Q	6	14
Q	7	13
Q	8	9
Q	9	10
Q	:	42
Q	;	45
Q	<	13
Q	=	13
Q	>	10
Q	?	8
Q	@	6
Q	A	16
Q	B	19
Q	C	13
Q	D	10
Q	E	35
Q	F	14
Q	G	5
Q	H	12
Q	I	45
Q	J	13
Q	K	16
Q	L	10
Q	M	18
Q	N	14
Q	O	9
Q	P	15
Q	Q	11
Q	R	11
Q	S	24
Q	T	66
Q	U	969
Q	V	39
Q	W	46
Q	X	24
Q	Y	20
Q	Z	21
Q	[	12
Q	\	18
Q	]	14
Q	^	10
Q	_	15
Q	`	21
Q	a	306
Q	b	82
Q	c	126
Q	d	135
Q	e	167
Q	f	131
Q	g	111
Q	h	116
Q	i	152
Q	j	19
Q	k	11
Q	l	6
Q	m	12
Q	n	14
Q	o	31
Q	p	7
Q	q	11
Q	r	16
Q	s	13
Q	t	3913
Q	u	7084
Q	v	10
Q	w	26
Q	x	9
Q	y	15
Q	z	13
Q	{	18
Q	|	7
Q	}	12
Q	~	14
R	!	20
R	"	64
R	#	18
R	$	21
R	%	17
R	&	30
R	'	241
R	(	14
R	)	4911
R	*	25
R	+	21
R	,	1568
R	-	220
R	.	4095
R	/	14
R	0	16
R	1	24
R	2	14
R	3	12
R	4	9
R	5	14
R	6	14
R	7	12
R	8	19
R	9	10
R	:	106
R	;	256
R	<	9
R	=	14
R	>	13
R	?	12
R	@	12
R	A	11504
R	B	695
R	C	1499
R	D	2672
R	E	17283
R	F	490
R	G	1919
R	H	194
R	I	8985
R	J	71
R	K	2761
R	L	1716
R	M	1775
R	N	2706
R	O	7360
R	P	578
R	Q	34
R	R	1205
R	S	3726
R	T	8522
R	U	2136
R	V	635
R	W	201
R	X	33
R	Y	4635
R	Z	69
R	[	22
R	\	12
R	]	11
R	^	5
R	_	15
R	`	15
R	a	14412
R	b	72
R	c	84
R	d	149
R	e	46367
R	f	124
R	g	60
R	h	1791
R	i	18426
R	j	15
R	k	16
R	l	13
R	m	14
R	n	11
R	o	33668
R	p	11
R	q	17
R	r	23
R	s	38
R	t	20
R	u	13644
R	v	19
R	w	56
R	x	20
R	y	1009
R	z	28
R	{	14
R	|	15
R	}	11
R	~	10
S	!	66
S	"	89
S	#	65
S	$	65
S	%	35
S	&	120
S	'	397
S	(	24
S	)	1097
S	*	172
S	+	26
S	,	3747
S	-	622
S	.	8209
S	/	130
S	0	18
S	1	22
S	2	19
S	3	14
S	4	7
S	5	13
S	6	18
S	7	8
S	8	10
S	9	13
S	:	416
S	;	4528
S	<	13
S	=	19
S	>	22
S	?	62
S	@	8
S	A	3985
S	B	383
S	C	2270
S	D	230
S	E	7040
S	F	126
S	G	105
S	H	4513
S	I	4815
S	J	20
S	K	772
S	L	1195
S	M	841
S	N	301
S	O	3689
S	P	2170
S	Q	98
S	R	696
S	S	3808
S	T	14359
S	U	1783
S	V	115
S	W	374
S	X	130
S	Y	865
S	Z	33
S	[	19
S	\	12
S	]	19
S	^	14
S	_	20
S	`	14
S	a	31138
S	b	33
S	c	16983
S	d	14
S	e	62289
S	f	39
S	g	230
S	h	30720
S	i	16542
S	j	27
S	k	1725
S	l	2742
S	m	3968
S	n	1006
S	o	43632
S	p	14949
S	q	1499
S	r	363
S	s	23
S	t	75703
S	u	21774
S	v	260
S	w	4493
S	x	19
S	y	5274
S	z	156
S	{	12
S	|	13
S	}	10
S	~	15
T	!	71
T	"	31
T	#	39
T	$	28
T	%	22
T	&	75
T	'	229
T	(	20
T	)	300
T	*	14
T	+	23
T	,	1347
T	-	442
T	.	2880
T	/	25
T	0	8
T	1	15
T	2	32
T	3	14
T	4	65
T	5	15
T	6	15
T	7	15
T	8	12
T	9	12
T	:	89
T	;	712
T	<	12
T	=	12
T	>	16
T	?	30
T	@	6
T	A	7900
T	B	360
T	C	1924
T	D	130
T	E	13922
T	F	162
T	G	95
T	H	10374
T	I	14447
T	J	43
T	K	60
T	L	947
T	M	365
T	N	370
T	O	8920
T	P	122
T	Q	9
T	R	5407
T	S	7921
T	T	2241
T	U	2956
T	V	1677
T	W	246
T	X	73
T	Y	2788
T	Z	234
T	[	10
T	\	15
T	]	10
T	^	17
T	_	9
T	`	11
T	a	11574
T	b	100
T	c	179
T	d	10
T	e	17445
T	f	18
T	g	16
T	h	281145
T	i	18304
T	j	23
T	k	23
T	l	39
T	m	11
T	n	7
T	o	23794
T	p	11
T	q	12
T	r	17259
T	s	3083
T	t	21
T	u	9008
T	v	26
T	w	4235
T	x	22
T	y	2948
T	z	41
T	{	17
T	|	6
T	}	6
T	~	10
U	!	20
U	"	19
U	#	11
U	$	12
U	%	13
U	&	13
U	'	48
U	(	20
U	)	71
U	*	25
U	+	26
U	,	185
U	-	261
U	.	4167
U	/	15
U	0	11
U	1	10
U	2	69
U	3	10
U	4	8
U	5	11
U	6	14
U	7	14
U	8	15
U	9	14
U	:	13
U	;	20
U	<	9
U	=	6
U	>	8
U	?	12
U	@	12
U	A	1036
U	B	1161
U	C	1778
U	D	1059
U	E	1267
U	F	251
U	G	997
U	H	70
U	I	959
U	J	53
U	K	298
U	L	1791
U	M	2190
U	N	5568
U	O	134
U	P	624
U	Q	21
U	R	5227
U	S	8503
U	T	2885
U	U	2947
U	V	107
U	W	49
U	X	77
U	Y	88
U	Z	74
U	[	17
U	\	8
U	]	13
U	^	11
U	_	8
U	`	16
U	a	23
U	b	89
U	c	90
U	d	90
U	e	51
U	f	41
U	g	226
U	h	84
U	i	33
U	j	37
U	k	1452
U	l	768
U	m	229
U	n	51076
U	o	18
U	p	2012
U	q	16
U	r	1452
U	s	1715
U	t	1143
U	u	23
U	v	13
U	w	61
U	x	38
U	y	35
U	z	228
U	{	18
U	|	12
U	}	11
U	~	11
V	!	10
V	"	36
V	#	8
V	$	11
V	%	10
V	&	12
V	'	97
V	(	17
V	)	144
V	*	11
V	+	19
V	,	467
V	-	229
V	.	1497
V	/	13
V	0	11
V	1	16
V	2	19
V	3	20
V	4	19
V	5	11
V	6	24
V	7	12
V	8	21
V	9	9
V	:	27
V	;	23
V	<	14
V	=	10
V	>	14
V	?	19
V	@	12
V	A	1583
V	B	27
V	C	129
V	D	25
V	E	5063
V	F	118
V	G	23
V	H	53
V	I	4619
V	J	16
V	K	43
V	L	59
V	M	28
V	N	28
V	O	779
V	P	25
V	Q	15
V	R	30
V	S	97
V	T	38
V	U	37
V	V	26
V	W	15
V	X	30
V	Y	104
V	Z	14
V	[	18
V	\	13
V	]	14
V	^	17
V	_	15
V	`	16
V	a	8772
V	b	15
V	c	31
V	d	14
V	e	6527
V	f	14
V	g	19
V	h	37
V	i	15231
V	j	33
V	k	31
V	l	427
V	m	24
V	n	25
V	o	3037
V	p	14
V	q	18
V	r	127
V	s	28
V	t	192
V	u	179
V	v	18
V	w	15
V	x	29
V	y	102
V	z	12
V	{	13
V	|	12
V	}	18
V	~	25
W	!	26
W	"	22
W	#	7
W	$	14
W	%	11
W	&	14
W	'	65
W	(	18
W	)	54
W	*	20
W	+	21
W	,	345
W	-	102
W	.	2558
W	/	9
W	0	15
W	1	14
W	2	10
W	3	12
W	4	22
W	5	15
W	6	9
W	7	16
W	8	14
W	9	19
W	:	26
W	;	31
W	<	20
W	=	15
W	>	13
W	?	21
W	@	15
W	A	4532
W	B	99
W	C	107
W	D	38
W	E	1888
W	F	63
W	G	50
W	H	787
W	I	1893
W	J	20
W	K	64
W	L	102
W	M	72
W	N	477
W	O	1664
W	P	115
W	Q	20
W	R	258
W	S	403
W	T	153
W	U	44
W	V	25
W	W	79
W	X	23
W	Y	113
W	Z	16
W	[	20
W	\	20
W	]	16
W	^	14
W	_	13
W	`	20
W	a	33190
W	b	17
W	c	20
W	d	12
W	e	35147
W	f	17
W	g	11
W	h	29099
W	i	25040
W	j	20
W	k	44
W	l	54
W	m	24
W	n	29
W	o	19760
W	p	15
W	q	11
W	r	1734
W	s	42
W	t	179
W	u	290
W	v	17
W	w	14
W	x	10
W	y	1027
W	z	19
W	{	12
W	|	15
W	}	18
W	~	13
X	!	17
X	"	29
X	#	16
X	$	14
X	%	16
X	&	13
X	'	38
X	(	15
X	)	488
X	*	20
X	+	22
X	,	202
X	-	406
X	.	104
X	/	20
X	0	11
X	1	10
X	2	20
X	3	11
X	4	11
X	5	21
X	6	10
X	7	12
X	8	16
X	9	10
X	:	23
X	;	97
X	<	14
X	=	15
X	>	7
X	?	14
X	@	15
X	A	291
X	B	10
X	C	71
X	D	21
X	E	228
X	F	24
X	G	16
X	H	31
X	I	4887
X	J	16
X	K	19
X	L	28
X	M	14
X	N	22
X	O	101
X	P	239
X	Q	13
X	R	23
X	S	16
X	T	187
X	U	90
X	V	308
X	W	28
X	X	221
X	Y	39
X	Z	18
X	[	17
X	\	20
X	]	9
X	^	14
X	_	16
X	`	21
X	a	202
X	b	15
X	c	33
X	d	15
X	e	213
X	f	30
X	g	26
X	h	43
X	i	205
X	j	15
X	k	14
X	l	18
X	m	16
X	n	19
X	o	27
X	p	13
X	q	14
X	r	16
X	s	16
X	t	18
X	u	32
X	v	16
X	w	23
X	x	14
X	y	46
X	z	11
X	{	19
X	|	15
X	}	9
X	~	20
Y	!	82
Y	"	59
Y	#	41
Y	$	47
Y	%	26
Y	&	32
Y	'	183
Y	(	23
Y	)	495
Y	*	17
Y	+	27
Y	,	1441
Y	-	139
Y	.	2602
Y	/	13
Y	0	30
Y	1	117
Y	2	63
Y	3	52
Y	4	39
Y	5	32
Y	6	28
Y	7	34
Y	8	26
Y	9	20
Y	:	129
Y	;	1154
Y	<	9
Y	=	11
Y	>	12
Y	?	17
Y	@	12
Y	A	526
Y	B	52
Y	C	704
Y	D	164
Y	E	580
Y	F	51
Y	G	52
Y	H	20
Y	I	184
Y	J	21
Y	K	45
Y	L	432
Y	M	408
Y	N	464
Y	O	2226
Y	P	286
Y	Q	26
Y	R	306
Y	S	2387
Y	T	25932
Y	U	256
Y	V	25
Y	W	83
Y	X	26
Y	Y	16
Y	Z	54
Y	[	14
Y	\	12
Y	]	13
Y	^	20
Y	_	20
Y	`	21
Y	a	4140
Y	b	20
Y	c	17
Y	d	9
Y	e	6895
Y	f	20
Y	g	17
Y	h	15
Y	i	1096
Y	j	19
Y	k	10
Y	l	28
Y	m	14
Y	n	16
Y	o	38186
Y	p	78
Y	q	17
Y	r	2337
Y	s	38
Y	t	19
Y	u	2033
Y	v	200
Y	w	14
Y	x	17
Y	y	15
Y	z	49
Y	{	18
Y	|	14
Y	}	14
Y	~	11
Z	!	6
Z	"	17
Z	#	13
Z	$	16
Z	%	19
Z	&	14
Z	'	23
Z	(	15
Z	)	28
Z	*	26
Z	+	31
Z	,	179
Z	-	30
Z	.	78
Z	/	5
Z	0	10
Z	1	15
Z	2	13
Z	3	17
Z	4	10
Z	5	21
Z	6	15
Z	7	11
Z	8	11
Z	9	12
Z	:	20
Z	;	14
Z	<	10
Z	=	8
Z	>	12
Z	?	11
Z	@	9
Z	A	859
Z	B	32
Z	C	13
Z	D	22
Z	E	556
Z	F	14
Z	G	26
Z	H	74
Z	I	230
Z	J	14
Z	K	35
Z	L	50
Z	M	28
Z	N	22
Z	O	196
Z	P	20
Z	Q	20
Z	R	15
Z	S	33
Z	T	95
Z	U	124
Z	V	19
Z	W	28
Z	X	23
Z	Y	48
Z	Z	99
Z	[	20
Z	\	12
Z	]	15
Z	^	9
Z	_	14
Z	`	17
Z	a	1603
Z	b	29
Z	c	14
Z	d	33
Z	e	1862
Z	f	10
Z	g	19
Z	h	377
Z	i	1207
Z	j	23
Z	k	23
Z	l	21
Z	m	28
Z	n	26
Z	o	903
Z	p	6
Z	q	13
Z	r	24
Z	s	24
Z	t	13
Z	u	453
Z	v	99
Z	w	151
Z	x	9
Z	y	52
Z	z	9
Z	{	14
Z	|	16
Z	}	19
Z	~	10
[	!	17
[	"	57
[	#	14
[	$	8
[	%	9
[	&	14
[	'	17
[	(	9
[	)	11
[	*	21
[	+	22
[	,	15
[	-	9
[	.	17
[	/	8
[	0	11
[	1	74
[	2	42
[	3	164
[	4	118
[	5	41
[	6	28
[	7	12
[	8	19
[	9	24
[	:	10
[	;	13
[	<	14
[	=	13
[	>	13
[	?	6
[	@	10
[	A	238
[	B	73
[	C	21
[	D	1206
[	E	26
[	F	31
[	G	15
[	H	15
[	I	31
[	J	37
[	K	21
[	L	28
[	M	33
[	N	20
[	O	20
[	P	163
[	Q	7
[	R	13
[	S	18
[	T	31
[	U	10
[	V	15
[	W	20
[	X	25
[	Y	21
[	Z	18
[	[	16
[	\	10
[	]	18
[	^	10
[	_	10
[	`	15
[	a	34
[	b	19
[	c	19
[	d	13
[	e	16
[	f	17
[	g	19
[	h	27
[	i	23
[	j	13
[	k	14
[	l	15
[	m	19
[	n	28
[	o	29
[	p	19
[	q	11
[	r	13
[	s	28
[	t	62
[	u	11
[	v	18
[	w	19
[	x	17
[	y	18
[	z	11
[	{	18
[	|	10
[	}	18
[	~	14
\	!	11
\	"	12
\	#	12
\	$	10
\	%	20
\	&	13
\	'	14
\	(	10
\	)	15
\	*	13
\	+	12
\	,	12
\	-	17
\	.	12
\	/	11
\	0	18
\	1	16
\	2	8
\	3	11
\	4	14
\	5	11
\	6	13
\	7	10
\	8	15
\	9	20
\	:	10
\	;	16
\	<	8
\	=	6
\	>	14
\	?	9
\	@	9
\	A	8
\	B	17
\	C	20
\	D	9
\	E	10
\	F	16
\	G	12
\	H	17
\	I	11
\	J	19
\	K	7
\	L	8
\	M	14
\	N	17
\	O	12
\	P	10
\	Q	11
\	R	7
\	S	11
\	T	13
\	U	15
\	V	17
\	W	17
\	X	21
\	Y	16
\	Z	16
\	[	14
\	\	9
\	]	12
\	^	16
\	_	9
\	`	9
\	a	9
\	b	10
\	c	10
\	d	11
\	e	17
\	f	13
\	g	10
\	h	13
\	i	25
\	j	12
\	k	15
\	l	9
\	m	9
\	n	11
\	o	5
\	p	13
\	q	13
\	r	12
\	s	19
\	t	7
\	u	18
\	v	24
\	w	25
\	x	10
\	y	17
\	z	14
\	{	11
\	|	8
\	}	8
\	~	11
]	!	9
]	"	18
]	#	7
]	$	4
]	%	11
]	&	16
]	'	21
]	(	13
]	)	32
]	*	16
]	+	12
]	,	63
]	-	11
]	.	63
]	/	11
]	0	6
]	1	12
]	2	13
]	3	12
]	4	11
]	5	23
]	6	18
]	7	21
]	8	11
]	9	19
]	:	23
]	;	16
]	<	9
]	=	15
]	>	15
]	?	9
]	@	11
]	A	18
]	B	12
]	C	13
]	D	15
]	E	13
]	F	13
]	G	14
]	H	15
]	I	9
]	J	21
]	K	13
]	L	7
]	M	8
]	N	14
]	O	14
]	P	7
]	Q	9
]	R	8
]	S	19
]	T	9
]	U	12
]	V	20
]	W	11
]	X	16
]	Y	15
]	Z	9
]	[	17
]	\	11
]	]	18
]	^	10
]	_	10
]	`	17
]	a	8
]	b	6
]	c	8
]	d	7
]	e	4
]	f	14
]	g	12
]	h	11
]	i	13
]	j	16
]	k	11
]	l	12
]	m	18
]	n	17
]	o	23
]	p	11
]	q	12
]	r	21
]	s	11
]	t	13
]	u	8
]	v	9
]	w	15
]	x	19
]	y	27
]	z	17
]	{	22
]	|	18
]	}	17
]	~	15
^	!	11
^	"	14
^	#	5
^	$	10
^	%	11
^	&	13
^	'	21
^	(	11
^	)	15
^	*	14
^	+	14
^	,	9
^	-	14
^	.	11
^	/	10
^	0	8
^	1	19
^	2	7
^	3	13
^	4	11
^	5	10
^	6	20
^	7	13
^	8	11
^	9	10
^	:	12
^	;	17
^	<	15
^	=	16
^	>	11
^	?	15
^	@	14
^	A	7
^	B	8
^	C	12
^	D	11
^	E	15
^	F	18
^	G	12
^	H	10
^	I	11
^	J	24
^	K	10
^	L	17
^	M	14
^	N	9
^	O	15
^	P	6
^	Q	8
^	R	19
^	S	11
^	T	15
^	U	14
^	V	15
^	W	8
^	X	13
^	Y	15
^	Z	12
^	[	13
^	\	10
^	]	9
^	^	5
^	_	8
^	`	11
^	a	8
^	b	9
^	c	21
^	d	16
^	e	13
^	f	9
^	g	10
^	h	13
^	i	17
^	j	20
^	k	16
^	l	17
^	m	16
^	n	17
^	o	21
^	p	10
^	q	12
^	r	13
^	s	11
^	t	14
^	u	14
^	v	19
^	w	15
^	x	7
^	y	17
^	z	18
^	{	21
^	|	20
^	}	14
^	~	14
_	!	8
_	"	14
_	#	9
_	$	5
_	%	11
_	&	12
_	'	20
_	(	10
_	)	8
_	*	16
_	+	16
_	,	8
_	-	8
_	.	6
_	/	3
_	0	7
_	1	10
_	2	9
_	3	16
_	4	9
_	5	5
_	6	14
_	7	14
_	8	13
_	9	15
_	:	12
_	;	13
_	<	5
_	=	13
_	>	15
_	?	12
_	@	15
_	A	5
_	B	10
_	C	6
_	D	11
_	E	12
_	F	12
_	G	6
_	H	10
_	I	14
_	J	18
_	K	9
_	L	7
_	M	13
_	N	11
_	O	10
_	P	8
_	Q	8
_	R	9
_	S	9
_	T	11
_	U	7
_	V	10
_	W	7
_	X	12
_	Y	12
_	Z	14
_	[	9
_	\	17
_	]	4
_	^	12
_	_	9
_	`	11
_	a	15
_	b	12
_	c	17
_	d	11
_	e	12
_	f	4
_	g	12
_	h	12
_	i	14
_	j	8
_	k	16
_	l	17
_	m	12
_	n	14
_	o	17
_	p	10
_	q	9
_	r	9
_	s	11
_	t	18
_	u	24
_	v	10
_	w	20
_	x	11
_	y	17
_	z	14
_	{	15
_	|	16
_	}	22
_	~	13
`	!	13
`	"	8
`	#	11
`	$	12
`	%	8
`	&	17
`	'	14
`	(	485
`	)	7
`	*	16
`	+	12
`	,	17
`	-	7
`	.	8
`	/	11
`	0	5
`	1	10
`	2	12
`	3	14
`	4	20
`	5	19
`	6	18
`	7	10
`	8	13
`	9	12
`	:	16
`	;	10
`	<	12
`	=	9
`	>	11
`	?	10
`	@	14
`	A	15
`	B	17
`	C	14
`	D	7
`	E	6
`	F	10
`	G	11
`	H	13
`	I	11
`	J	17
`	K	16
`	L	14
`	M	11
`	N	11
`	O	8
`	P	12
`	Q	14
`	R	6
`	S	10
`	T	9
`	U	14
`	V	11
`	W	8
`	X	19
`	Y	10
`	Z	6
`	[	10
`	\	10
`	]	8
`	^	11
`	_	9
`	`	2284
`	a	6
`	b	11
`	c	18
`	d	15
`	e	12
`	f	14
`	g	11
`	h	7
`	i	7
`	j	12
`	k	17
`	l	5
`	m	12
`	n	17
`	o	11
`	p	16
`	q	11
`	r	8
`	s	10
`	t	9
`	u	14
`	v	5
`	w	14
`	x	14
`	y	14
`	z	13
`	{	7
`	|	13
`	}	14
`	~	9
a	!	132
a	"	871
a	#	23
a	$	24
a	%	25
a	&	25
a	'	5885
a	(	27
a	)	1604
a	*	43
a	+	20
a	,	35806
a	-	3008
a	.	25201
a	/	175
a	0	135
a	1	31
a	2	50
a	3	88
a	4	82
a	5	69
a	6	53
a	7	28
a	8	52
a	9	20
a	:	595
a	;	1504
a	<	11
a	=	18
a	>	11
a	?	201
a	@	25
a	A	11
a	B	77
a	C	55
a	D	16
a	E	17
a	F	147
a	G	77
a	H	33
a	I	14
a	J	19
a	K	12
a	L	15
a	M	67
a	N	15
a	O	14
a	P	69
a	Q	16
a	R	40
a	S	40
a	T	21
a	U	20
a	V	53
a	W	24
a	X	24
a	Y	16
a	Z	19
a	[	12
a	\	15
a	]	20
a	^	17
a	_	12
a	`	14
a	a	2426
a	b	147862
a	c	303797
a	d	271642
a	e	15320
a	f	53473
a	g	158949
a	h	13346
a	i	325540
a	j	15019
a	k	88313
a	l	773165
a	m	232406
a	n	1556121
a	o	3798
a	p	135456
a	q	4042
a	r	931267
a	s	652187
a	t	1058612
a	u	94656
a	v	151727
a	w	51585
a	x	19536
a	y	215190
a	z	15046
a	{	17
a	|	16
a	}	12
a	~	14
b	!	26
b	"	82
b	#	14
b	$	7
b	%	17
b	&	10
b	'	313
b	(	16
b	)	112
b	*	20
b	+	13
b	,	2113
b	-	2609
b	.	6840
b	/	14
b	0	34
b	1	905
b	2	566
b	3	419
b	4	400
b	5	285
b	6	258
b	7	255
b	8	186
b	9	181
b	:	92
b	;	64
b	<	18
b	=	10
b	>	14
b	?	33
b	@	9
b	A	19
b	B	12
b	C	15
b	D	19
b	E	14
b	F	18
b	G	13
b	H	13
b	I	17
b	J	21
b	K	19
b	L	9
b	M	14
b	N	7
b	O	14
b	P	8
b	Q	9
b	R	9
b	S	13
b	T	11
b	U	9
b	V	20
b	W	18
b	X	16
b	Y	14
b	Z	8
b	[	11
b	\	9
b	]	10
b	^	15
b	_	12
b	`	14
b	a	122049
b	b	11566
b	c	926
b	d	1412
b	e	356061
b	f	149
b	g	74
b	h	303
b	i	80948
b	j	6711
b	k	64
b	l	150647
b	m	1759
b	n	636
b	o	151490
b	p	236
b	q	14
b	r	66335
b	s	36354
b	t	6973
b	u	120973
b	v	1398
b	w	955
b	x	21
b	y	131874
b	z	54
b	{	20
b	|	7
b	}	18
b	~	11
c	!	21
c	"	242
c	#	18
c	$	11
c	%	19
c	&	7
c	'	701
c	(	15
c	)	4459
c	*	93
c	+	17
c	,	6405
c	-	2081
c	.	12345
c	/	83
c	0	44
c	1	442
c	2	280
c	3	280
c	4	215
c	5	221
c	6	211
c	7	119
c	8	131
c	9	68
c	:	173
c	;	204
c	<	10
c	=	13
c	>	12
c	?	76
c	@	9
c	A	341
c	B	62
c	C	2121
c	D	1218
c	E	385
c	F	73
c	G	889
c	H	154
c	I	163
c	J	20
c	K	766
c	L	475
c	M	329
c	N	423
c	O	14
c	P	138
c	Q	41
c	R	97
c	S	56
c	T	38
c	U	14
c	V	136
c	W	32
c	X	16
c	Y	13
c	Z	21
c	[	14
c	\	11
c	]	13
c	^	10
c	_	14
c	`	16
c	a	390559
c	b	98
c	c	49688
c	d	436
c	e	487641
c	f	42
c	g	19
c	h	391256
c	i	198222
c	j	14
c	k	127682
c	l	107761
c	m	345
c	n	334
c	o	508937
c	p	69
c	q	3637
c	r	108606
c	s	21095
c	t	279751
c	u	106102
c	v	20
c	w	41
c	x	12
c	y	28439
c	z	492
c	{	16
c	|	7
c	}	20
c	~	15
d	!	145
d	"	1819
d	#	20
d	$	32
d	%	43
d	&	31
d	'	5518
d	(	30
d	)	1617
d	*	41
d	+	18
d	,	85654
d	-	15358
d	.	93814
d	/	226
d	0	61
d	1	177
d	2	152
d	3	118
d	4	167
d	5	194
d	6	139
d	7	126
d	8	101
d	9	35
d	:	3880
d	;	2317
d	<	17
d	=	18
d	>	10
d	?	781
d	@	8
d	A	7
d	B	41
d	C	19
d	D	8
d	E	29
d	F	9
d	G	12
d	H	16
d	I	20
d	J	22
d	K	13
d	L	11
d	M	16
d	N	11
d	O	21
d	P	31
d	Q	13
d	R	22
d	S	33
d	T	8
d	U	10
d	V	12
d	W	17
d	X	18
d	Y	21
d	Z	17
d	[	14
d	\	4
d	]	30
d	^	13
d	_	9
d	`	17
d	a	139283
d	b	2266
d	c	2926
d	d	34726
d	e	534531
d	f	2379
d	g	24789
d	h	3532
d	i	313671
d	j	2639
d	k	312
d	l	25657
d	m	17124
d	n	10904
d	o	120979
d	p	778
d	q	1428
d	r	67547
d	s	101138
d	t	2189
d	u	100987
d	v	14621
d	w	9767
d	x	21
d	y	32397
d	z	219
d	{	12
d	|	19
d	}	18
d	~	13
e	!	418
e	"	4487
e	#	42
e	$	44
e	%	28
e	&	34
e	'	23216
e	(	43
e	)	5199
e	*	61
e	+	24
e	,	152211
e	-	32258
e	.	152323
e	/	386
e	0	122
e	1	48
e	2	112
e	3	88
e	4	175
e	5	161
e	6	114
e	7	105
e	8	68
e	9	17
e	:	5500
e	;	4819
e	<	17
e	=	10
e	>	10
e	?	2121
e	@	13
e	A	16
e	B	256
e	C	185
e	D	29
e	E	15
e	F	70
e	G	105
e	H	41
e	I	20
e	J	35
e	K	50
e	L	205
e	M	128
e	N	25
e	O	14
e	P	136
e	Q	14
e	R	64
e	S	81
e	T	30
e	U	18
e	V	114
e	W	99
e	X	25
e	Y	19
e	Z	16
e	[	26
e	\	12
e	]	54
e	^	8
e	_	13
e	`	13
e	a	572686
e	b	35473
e	c	351855
e	d	918421
e	e	287070
e	f	104040
e	g	95673
e	h	16633
e	i	121974
e	j	2718
e	k	26615
e	l	382893
e	m	239253
e	n	1000899
e	o	61173
e	p	126795
e	q	22543
e	r	1607906
e	s	1043053
e	t	329005
e	u	19222
e	v	166639
e	w	131187
e	x	123289
e	y	122859
e	z	6757
e	{	11
e	|	15
e	}	24
e	~	15
f	!	43
f	"	186
f	#	7
f	$	22
f	%	19
f	&	23
f	'	410
f	(	12
f	)	211
f	*	25
f	+	15
f	,	5411
f	-	5640
f	.	6889
f	/	46
f	0	25
f	1	62
f	2	63
f	3	151
f	4	133
f	5	109
f	6	176
f	7	86
f	8	78
f	9	18
f	:	155
f	;	168
f	<	18
f	=	7
f	>	12
f	?	146
f	@	18
f	A	12
f	B	7
f	C	12
f	D	10
f	E	12
f	F	13
f	G	9
f	H	17
f	I	16
f	J	17
f	K	14
f	L	14
f	M	11
f	N	13
f	O	14
f	P	12
f	Q	13
f	R	12
f	S	18
f	T	16
f	U	16
f	V	25
f	W	9
f	X	20
f	Y	15
f	Z	20
f	[	15
f	\	12
f	]	13
f	^	15
f	_	12
f	`	14
f	a	105917
f	b	156
f	c	148
f	d	105
f	e	144434
f	f	110709
f	g	736
f	h	59
f	i	203479
f	j	128
f	k	275
f	l	44959
f	m	609
f	n	291
f	o	345236
f	p	40
f	q	16
f	r	144727
f	s	5249
f	t	72520
f	u	53867
f	v	74
f	w	231
f	x	32
f	y	4824
f	z	32
f	{	20
f	|	10
f	}	18
f	~	13
g	!	95
g	"	880
g	#	16
g	$	23
g	%	22
g	&	26
g	'	1770
g	(	22
g	)	857
g	*	25
g	+	16
g	,	33775
g	-	5074
g	.	29413
g	/	192
g	0	23
g	1	44
g	2	67
g	3	66
g	4	139
g	5	108
g	6	85
g	7	66
g	8	52
g	9	14
g	:	1042
g	;	1420
g	<	15
g	=	8
g	>	12
g	?	488
g	@	16
g	A	20
g	B	14
g	C	17
g	D	20
g	E	12
g	F	16
g	G	26
g	H	21
g	I	23
g	J	18
g	K	22
g	L	15
g	M	17
g	N	26
g	O	24
g	P	20
g	Q	17
g	R	18
g	S	23
g	T	19
g	U	13
g	V	17
g	W	14
g	X	18
g	Y	16
g	Z	13
g	[	23
g	\	21
g	]	14
g	^	17
g	_	22
g	`	17
g	a	126668
g	b	520
g	c	63
g	d	2139
g	e	284537
g	f	857
g	g	19360
g	h	176940
g	i	98294
g	j	72
g	k	236
g	l	39682
g	m	3678
g	n	50908
g	o	89394
g	p	292
g	q	51
g	r	136097
g	s	46087
g	t	16508
g	u	56664
g	v	51
g	w	648
g	x	67
g	y	18015
g	z	139
g	{	14
g	|	15
g	}	9
g	~	20
h	!	96
h	"	561
h	#	15
h	$	23
h	%	16
h	&	27
h	'	3596
h	(	16
h	)	754
h	*	27
h	+	22
h	,	25694
h	-	10317
h	.	18894
h	/	113
h	0	41
h	1	47
h	2	52
h	3	82
h	4	81
h	5	96
h	6	116
h	7	57
h	8	49
h	9	14
h	:	1747
h	;	966
h	<	20
h	=	17
h	>	8
h	?	265
h	@	15
h	A	13
h	B	17
h	C	21
h	D	19
h	E	18
h	F	19
h	G	24
h	H	17
h	I	24
h	J	24
h	K	39
h	L	21
h	M	19
h	N	21
h	O	16
h	P	17
h	Q	20
h	R	16
h	S	18
h	T	25
h	U	14
h	V	13
h	W	13
h	X	16
h	Y	7
h	Z	19
h	[	15
h	\	12
h	]	11
h	^	19
h	_	17
h	`	19
h	a	657293
h	b	4804
h	c	844
h	d	3371
h	e	2102599
h	f	1059
h	g	230
h	h	598
h	i	454778
h	j	60
h	k	539
h	l	12002
h	m	8165
h	n	24533
h	o	346599
h	p	676
h	q	585
h	r	65060
h	s	15646
h	t	97927
h	u	43883
h	v	313
h	w	7350
h	x	15
h	y	24992
h	z	31
h	{	27
h	|	17
h	}	17
h	~	15
i	!	29
i	"	168
i	#	12
i	$	14
i	%	22
i	&	27
i	'	1691
i	(	28
i	)	339
i	*	25
i	+	26
i	,	7681
i	-	3832
i	.	2652
i	/	51
i	0	152
i	1	19
i	2	18
i	3	17
i	4	23
i	5	14
i	6	10
i	7	5
i	8	9
i	9	17
i	:	73
i	;	267
i	<	11
i	=	15
i	>	18
i	?	39
i	@	11
i	A	13
i	B	99
i	C	44
i	D	13
i	E	11
i	F	105
i	G	83
i	H	29
i	I	18
i	J	18
i	K	12
i	L	35
i	M	76
i	N	20
i	O	24
i	P	44
i	Q	10
i	R	22
i	S	37
i	T	21
i	U	16
i	V	25
i	W	24
i	X	29
i	Y	21
i	Z	18
i	[	22
i	\	11
i	]	11
i	^	18
i	_	11
i	`	19
i	a	240132
i	b	54267
i	c	564399
i	d	304422
i	e	296380
i	f	98329
i	g	200016
i	h	1113
i	i	2201
i	j	1932
i	k	41340
i	l	392373
i	m	200063
i	n	1787006
i	o	514574
i	p	61406
i	q	6402
i	r	237588
i	s	745702
i	t	740822
i	u	12068
i	v	196191
i	w	1220
i	x	14760
i	y	1039
i	z	47972
i	{	18
i	|	14
i	}	17
i	~	17
j	!	16
j	"	13
j	#	8
j	$	10
j	%	27
j	&	12
j	'	32
j	(	11
j	)	20
j	*	17
j	+	20
j	,	83
j	-	24
j	.	140
j	/	15
j	0	8
j	1	15
j	2	15
j	3	12
j	4	15
j	5	15
j	6	17
j	7	13
j	8	12
j	9	14
j	:	12
j	;	15
j	<	16
j	=	17
j	>	9
j	?	9
j	@	16
j	A	7
j	B	13
j	C	14
j	D	11
j	E	9
j	F	8
j	G	14
j	H	16
j	I	22
j	J	23
j	K	17
j	L	17
j	M	19
j	N	18
j	O	23
j	P	9
j	Q	12
j	R	17
j	S	20
j	T	17
j	U	14
j	V	15
j	W	20
j	X	23
j	Y	14
j	Z	20
j	[	33
j	\	6
j	]	16
j	^	13
j	_	12
j	`	18
j	a	7348
j	b	21
j	c	51
j	d	70
j	e	18508
j	f	30
j	g	19
j	h	31
j	i	2277
j	j	48
j	k	71
j	l	43
j	m	81
j	n	62
j	o	32882
j	p	29
j	q	14
j	r	30
j	s	31
j	t	30
j	u	30684
j	v	24
j	w	16
j	x	15
j	y	25
j	z	18
j	{	18
j	|	9
j	}	16
j	~	11
k	!	71
k	"	522
k	#	10
k	$	7
k	%	24
k	&	9
k	'	3125
k	(	12
k	)	495
k	*	23
k	+	18
k	,	21903
k	-	2857
k	.	15846
k	/	98
k	0	36
k	1	7
k	2	16
k	3	13
k	4	10
k	5	11
k	6	14
k	7	9
k	8	15
k	9	12
k	:	662
k	;	651
k	<	1
k	=	10
k	>	12
k	?	239
k	@	22
k	A	151
k	B	12
k	C	16
k	D	8
k	E	11
k	F	15
k	G	11
k	H	18
k	I	21
k	J	17
k	K	18
k	L	10
k	M	19
k	N	20
k	O	6
k	P	8
k	Q	13
k	R	13
k	S	14
k	T	21
k	U	15
k	V	21
k	W	14
k	X	23
k	Y	24
k	Z	12
k	[	24
k	\	17
k	]	14
k	^	16
k	_	15
k	`	16
k	a	15736
k	b	1300
k	c	163
k	d	952
k	e	194498
k	f	1179
k	g	1150
k	h	3201
k	i	84769
k	j	109
k	k	876
k	l	13395
k	m	1063
k	n	27861
k	o	6765
k	p	787
k	q	11
k	r	3908
k	s	54347
k	t	1680
k	u	2496
k	v	287
k	w	1819
k	x	15
k	y	8586
k	z	35
k	{	13
k	|	11
k	}	13
k	~	19
l	!	80
l	"	1002
l	#	15
l	$	20
l	%	31
l	&	17
l	'	4863
l	(	20
l	)	1238
l	*	35
l	+	29
l	,	40418
l	-	10743
l	.	28720
l	/	157
l	0	61
l	1	13
l	2	15
l	3	14
l	4	21
l	5	10
l	6	12
l	7	14
l	8	19
l	9	97
l	:	1210
l	;	1444
l	<	10
l	=	14
l	>	6
l	?	369
l	@	6
l	A	6
l	B	26
l	C	16
l	D	16
l	E	12
l	F	18
l	G	14
l	H	14
l	I	24
l	J	18
l	K	18
l	L	12
l	M	12
l	N	12
l	O	14
l	P	7
l	Q	9
l	R	8
l	S	82
l	T	12
l	U	15
l	V	17
l	W	14
l	X	24
l	Y	17
l	Z	13
l	[	22
l	\	8
l	]	10
l	^	17
l	_	13
l	`	14
l	a	432042
l	b	7895
l	c	7899
l	d	206337
l	e	635104
l	f	32489
l	g	5417
l	h	2003
l	i	489301
l	j	122
l	k	19446
l	l	475321
l	m	23207
l	n	3943
l	o	271830
l	p	20216
l	q	70
l	r	7821
l	s	132732
l	t	88949
l	u	89750
l	v	21990
l	w	7087
l	x	55
l	y	272093
l	z	707
l	{	14
l	|	9
l	}	20
l	~	7
m	!	61
m	"	568
m	#	12
m	$	16
m	%	16
m	&	19
m	'	2507
m	(	19
m	)	845
m	*	21
m	+	19
m	,	24749
m	-	1791
m	.	22332
m	/	101
m	0	54
m	1	11
m	2	15
m	3	11
m	4	20
m	5	16
m	6	26
m	7	7
m	8	12
m	9	11
m	:	719
m	;	833
m	<	13
m	=	9
m	>	14
m	?	393
m	@	11
m	A	17
m	B	7
m	C	21
m	D	8
m	E	11
m	F	9
m	G	18
m	H	13
m	I	18
m	J	17
m	K	9
m	L	14
m	M	19
m	N	15
m	O	11
m	P	14
m	Q	14
m	R	23
m	S	13
m	T	19
m	U	9
m	V	18
m	W	15
m	X	17
m	Y	14
m	Z	18
m	[	24
m	\	9
m	]	24
m	^	13
m	_	15
m	`	16
m	a	374292
m	b	73016
m	c	461
m	d	360
m	e	576339
m	f	2605
m	g	166
m	h	440
m	i	242847
m	j	76
m	k	121
m	l	2356
m	m	71530
m	n	4390
m	o	249160
m	p	182030
m	q	25
m	r	477
m	s	64812
m	t	564
m	u	66386
m	v	144
m	w	315
m	x	17
m	y	26444
m	z	42
m	{	18
m	|	17
m	}	16
m	~	8
n	!	190
n	"	2412
n	#	31
n	$	37
n	%	38
n	&	32
n	'	43921
n	(	22
n	)	3239
n	*	61
n	+	35
n	,	114508
n	-	16421
n	.	87272
n	/	788
n	0	115
n	1	14
n	2	16
n	3	18
n	4	9
n	5	18
n	6	22
n	7	15
n	8	19
n	9	11
n	:	4197
n	;	3411
n	<	19
n	=	9
n	>	26
n	?	1042
n	@	8
n	A	24
n	B	20
n	C	16
n	D	11
n	E	15
n	F	81
n	G	12
n	H	19
n	I	19
n	J	13
n	K	15
n	L	9
n	M	8
n	N	15
n	O	21
n	P	7
n	Q	9
n	R	20
n	S	15
n	T	21
n	U	9
n	V	18
n	W	28
n	X	20
n	Y	19
n	Z	20
n	[	23
n	\	9
n	]	32
n	^	12
n	_	9
n	`	15
n	a	259263
n	b	6055
n	c	290500
n	d	951693
n	e	514668
n	f	38559
n	g	754275
n	h	11699
n	i	293507
n	j	6536
n	k	49240
n	l	38479
n	m	29392
n	n	79500
n	o	257565
n	p	3897
n	q	3167
n	r	7768
n	s	368612
n	t	763069
n	u	66594
n	v	40892
n	w	6089
n	x	2257
n	y	92082
n	z	4104
n	{	22
n	|	20
n	}	16
n	~	8
o	!	119
o	"	532
o	#	13
o	$	18
o	%	10
o	&	10
o	'	2878
o	(	16
o	)	660
o	*	26
o	+	11
o	,	22300
o	-	11528
o	.	14920
o	/	259
o	0	78
o	1	10
o	2	18
o	3	7
o	4	15
o	5	7
o	6	8
o	7	13
o	8	9
o	9	12
o	:	5601
o	;	744
o	<	11
o	=	11
o	>	11
o	?	340
o	@	13
o	A	28
o	B	17
o	C	19
o	D	11
o	E	11
o	F	11
o	G	21
o	H	240
o	I	13
o	J	21
o	K	19
o	L	10
o	M	17
o	N	22
o	O	11
o	P	11
o	Q	14
o	R	14
o	S	38
o	T	12
o	U	5
o	V	13
o	W	17
o	X	14
o	Y	14
o	Z	6
o	[	23
o	\	10
o	]	19
o	^	19
o	_	8
o	`	16
o	a	58866
o	b	60756
o	c	116565
o	d	138448
o	e	28706
o	f	727043
o	g	61290
o	h	18819
o	i	68705
o	j	6345
o	k	55380
o	l	290706
o	m	454640
o	n	1236885
o	o	176453
o	p	189259
o	q	935
o	r	1019938
o	s	226154
o	t	290663
o	u	581834
o	v	159644
o	w	236450
o	x	9793
o	y	27999
o	z	5596
o	{	16
o	|	17
o	}	15
o	~	24
p	!	82
p	"	341
p	#	16
p	$	5
p	%	14
p	&	9
p	'	1068
p	(	27
p	)	306
p	*	82
p	+	11
p	,	9486
p	-	2089
p	.	9799
p	/	34
p	0	61
p	1	11
p	2	8
p	3	9
p	4	10
p	5	33
p	6	9
p	7	15
p	8	12
p	9	8
p	:	219
p	;	259
p	<	12
p	=	9
p	>	10
p	?	128
p	@	5
p	A	21
p	B	11
p	C	5
p	D	12
p	E	17
p	F	7
p	G	13
p	H	338
p	I	11
p	J	21
p	K	9
p	L	8
p	M	11
p	N	10
p	O	9
p	P	7
p	Q	7
p	R	14
p	S	11
p	T	11
p	U	11
p	V	12
p	W	21
p	X	22
p	Y	12
p	Z	15
p	[	19
p	\	17
p	]	16
p	^	11
p	_	4
p	`	13
p	a	235246
p	b	1267
p	c	412
p	d	494
p	e	347303
p	f	923
p	g	2502
p	h	57818
p	i	96898
p	j	177
p	k	842
p	l	196525
p	m	10779
p	n	502
p	o	244051
p	p	94478
p	q	27
p	r	285107
p	s	44862
p	t	52705
p	u	80325
p	v	18
p	w	771
p	x	14
p	y	10035
p	z	135
p	{	22
p	|	17
p	}	21
p	~	12
q	!	14
q	"	20
q	#	13
q	$	10
q	%	13
q	&	9
q	'	297
q	(	13
q	)	34
q	*	11
q	+	10
q	,	324
q	-	23
q	.	421
q	/	17
q	0	8
q	1	10
q	2	6
q	3	14
q	4	13
q	5	14
q	6	15
q	7	14
q	8	18
q	9	17
q	:	15
q	;	13
q	<	10
q	=	14
q	>	9
q	?	13
q	@	4
q	A	11
q	B	16
q	C	5
q	D	9
q	E	16
q	F	15
q	G	10
q	H	15
q	I	7
q	J	21
q	K	13
q	L	14
q	M	15
q	N	11
q	O	9
q	P	7
q	Q	14
q	R	11
q	S	23
q	T	15
q	U	16
q	V	10
q	W	12
q	X	23
q	Y	15
q	Z	13
q	[	14
q	\	13
q	]	9
q	^	9
q	_	9
q	`	15
q	a	109
q	b	34
q	c	16
q	d	14
q	e	13
q	f	17
q	g	16
q	h	16
q	i	890
q	j	12
q	k	18
q	l	13
q	m	10
q	n	11
q	o	21
q	p	5
q	q	25
q	r	18
q	s	22
q	t	19
q	u	80752
q	v	21
q	w	15
q	x	18
q	y	15
q	z	10
q	{	12
q	|	11
q	}	15
q	~	17
r	!	127
r	"	1556
r	#	19
r	$	26
r	%	26
r	&	31
r	'	13090
r	(	27
r	)	3034
r	*	62
r	+	18
r	,	91713
r	-	19281
r	.	137148
r	/	259
r	0	96
r	1	16
r	2	17
r	3	16
r	4	19
r	5	17
r	6	10
r	7	9
r	8	21
r	9	13
r	:	2585
r	;	2654
r	<	11
r	=	12
r	>	8
r	?	709
r	@	9
r	A	18
r	B	20
r	C	93
r	D	11
r	E	13
r	F	21
r	G	16
r	H	16
r	I	12
r	J	18
r	K	11
r	L	17
r	M	19
r	N	11
r	O	7
r	P	14
r	Q	14
r	R	16
r	S	68
r	T	19
r	U	8
r	V	13
r	W	16
r	X	15
r	Y	19
r	Z	11
r	[	20
r	\	12
r	]	22
r	^	8
r	_	12
r	`	18
r	a	540736
r	b	26279
r	c	109587
r	d	148623
r	e	1296036
r	f	23908
r	g	93529
r	h	9369
r	i	552723
r	j	379
r	k	114153
r	l	84388
r	m	129235
r	n	156207
r	o	564970
r	p	33427
r	q	890
r	r	89536
r	s	382229
r	t	303369
r	u	92073
r	v	77477
r	w	9869
r	x	519
r	y	185347
r	z	1292
r	{	10
r	|	15
r	}	16
r	~	13
s	!	374
s	"	5579
s	#	71
s	$	104
s	%	72
s	&	72
s	'	13121
s	(	59
s	)	19586
s	*	145
s	+	37
s	,	256113
s	-	5200
s	.	241672
s	/	909
s	0	73
s	1	20
s	2	16
s	3	28
s	4	22
s	5	24
s	6	14
s	7	13
s	8	16
s	9	14
s	:	12965
s	;	8964
s	<	10
s	=	14
s	>	20
s	?	2138
s	@	11
s	A	20
s	B	27
s	C	36
s	D	16
s	E	11
s	F	18
s	G	10
s	H	13
s	I	19
s	J	23
s	K	13
s	L	18
s	M	37
s	N	14
s	O	22
s	P	8
s	Q	13
s	R	15
s	S	22
s	T	16
s	U	16
s	V	18
s	W	41
s	X	20
s	Y	15
s	Z	15
s	[	15
s	\	19
s	]	88
s	^	14
s	_	9
s	`	13
s	a	214332
s	b	7991
s	c	95613
s	d	9776
s	e	591514
s	f	8665
s	g	1112
s	h	225314
s	i	383098
s	j	112
s	k	37077
s	l	50351
s	m	42822
s	n	12107
s	o	247202
s	p	128729
s	q	8418
s	r	7585
s	s	275913
s	t	831830
s	u	182464
s	v	1023
s	w	13784
s	x	12
s	y	28946
s	z	524
s	{	13
s	|	16
s	}	16
s	~	16
t	!	259
t	"	2322
t	#	19
t	$	16
t	%	27
t	&	23
t	'	22291
t	(	23
t	)	2370
t	*	42
t	+	24
t	,	89228
t	-	18234
t	.	84509
t	/	252
t	0	156
t	1	47
t	2	50
t	3	22
t	4	17
t	5	19
t	6	14
t	7	20
t	8	12
t	9	10
t	:	12668
t	;	2926
t	<	17
t	=	9
t	>	12
t	?	1654
t	@	5
t	A	33
t	B	23
t	C	12
t	D	14
t	E	9
t	F	40
t	G	17
t	H	16
t	I	16
t	J	199
t	K	11
t	L	14
t	M	15
t	N	37
t	O	11
t	P	10
t	Q	11
t	R	30
t	S	18
t	T	18
t	U	13
t	V	17
t	W	62
t	X	20
t	Y	18
t	Z	18
t	[	19
t	\	11
t	]	36
t	^	18
t	_	12
t	`	12
t	a	406324
t	b	5892
t	c	25002
t	d	1948
t	e	935609
t	f	4326
t	g	2828
t	h	2163356
t	i	839167
t	j	141
t	k	604
t	l	70678
t	m	24635
t	n	10065
t	o	780862
t	p	2306
t	q	21
t	r	321195
t	s	311531
t	t	132979
t	u	165553
t	v	825
t	w	55295
t	x	33
t	y	147689
t	z	6571
t	{	11
t	|	13
t	}	13
t	~	21
u	!	38
u	"	125
u	#	13
u	$	19
u	%	9
u	&	14
u	'	2791
u	(	15
u	)	132
u	*	23
u	+	15
u	,	2732
u	-	405
u	.	1440
u	/	21
u	0	56
u	1	7
u	2	21
u	3	12
u	4	17
u	5	15
u	6	14
u	7	15
u	8	9
u	9	14
u	:	46
u	;	142
u	<	11
u	=	14
u	>	15
u	?	137
u	@	8
u	A	12
u	B	72
u	C	35
u	D	11
u	E	11
u	F	20
u	G	16
u	H	10
u	I	13
u	J	16
u	K	18
u	L	14
u	M	21
u	N	6
u	O	17
u	P	49
u	Q	9
u	R	9
u	S	19
u	T	19
u	U	18
u	V	26
u	W	14
u	X	20
u	Y	17
u	Z	23
u	[	26
u	\	12
u	]	14
u	^	13
u	_	12
u	`	21
u	a	90665
u	b	69379
u	c	130099
u	d	78773
u	e	100270
u	f	15787
u	g	99262
u	h	1031
u	i	77634
u	j	670
u	k	4570
u	l	213921
u	m	96027
u	n	287187
u	o	7029
u	p	101802
u	q	440
u	r	357050
u	s	326855
u	t	323566
u	u	568
u	v	2398
u	w	923
u	x	3029
u	y	8694
u	z	2327
u	{	13
u	|	15
u	}	12
u	~	18
v	!	16
v	"	33
v	#	8
v	$	11
v	%	16
v	&	17
v	'	308
v	(	17
v	)	56
v	*	14
v	+	28
v	,	1279
v	-	79
v	.	4797
v	/	23
v	0	23
v	1	14
v	2	16
v	3	13
v	4	11
v	5	7
v	6	19
v	7	18
v	8	19
v	9	20
v	:	30
v	;	41
v	<	10
v	=	15
v	>	8
v	?	9
v	@	9
v	A	8
v	B	11
v	C	11
v	D	16
v	E	10
v	F	22
v	G	13
v	H	10
v	I	20
v	J	15
v	K	15
v	L	12
v	M	14
v	N	11
v	O	6
v	P	8
v	Q	11
v	R	18
v	S	19
v	T	8
v	U	11
v	V	14
v	W	17
v	X	24
v	Y	19
v	Z	16
v	[	16
v	\	14
v	]	7
v	^	14
v	_	14
v	`	13
v	a	81271
v	b	12
v	c	441
v	d	91
v	e	590190
v	f	12
v	g	159
v	h	26
v	i	220717
v	j	28
v	k	53
v	l	258
v	m	27
v	n	242
v	o	48367
v	p	16
v	q	19
v	r	700
v	s	1082
v	t	79
v	u	1368
v	v	132
v	w	12
v	x	22
v	y	5569
v	z	18
v	{	24
v	|	13
v	}	19
v	~	12
w	!	50
w	"	320
w	#	13
w	$	12
w	%	8
w	&	10
w	'	726
w	(	10
w	)	274
w	*	20
w	+	13
w	,	10140
w	-	3109
w	.	6490
w	/	45
w	0	17
w	1	13
w	2	12
w	3	13
w	4	12
w	5	12
w	6	11
w	7	12
w	8	13
w	9	21
w	:	217
w	;	232
w	<	7
w	=	17
w	>	12
w	?	210
w	@	13
w	A	9
w	B	14
w	C	13
w	D	11
w	E	14
w	F	8
w	G	12
w	H	18
w	I	16
w	J	17
w	K	16
w	L	23
w	M	20
w	N	14
w	O	9
w	P	14
w	Q	14
w	R	19
w	S	9
w	T	14
w	U	16
w	V	20
w	W	11
w	X	15
w	Y	13
w	Z	9
w	[	21
w	\	17
w	]	19
w	^	18
w	_	18
w	`	17
w	a	277161
w	b	1507
w	c	651
w	d	3641
w	e	217815
w	f	936
w	g	85
w	h	208932
w	i	244707
w	j	15
w	k	1632
w	l	10056
w	m	1818
w	n	68178
w	o	171262
w	p	504
w	q	20
w	r	22303
w	s	30590
w	t	4702
w	u	232
w	v	16
w	w	52
w	x	12
w	y	5098
w	z	35
w	{	16
w	|	19
w	}	19
w	~	23
x	!	20
x	"	120
x	#	11
x	$	15
x	%	13
x	&	19
x	'	254
x	(	16
x	)	161
x	*	28
x	+	15
x	,	3062
x	-	2267
x	.	2437
x	/	17
x	0	16
x	1	11
x	2	21
x	3	11
x	4	15
x	5	13
x	6	9
x	7	12
x	8	17
x	9	13
x	:	70
x	;	122
x	<	12
x	=	7
x	>	14
x	?	42
x	@	14
x	A	21
x	B	13
x	C	16
x	D	16
x	E	15
x	F	21
x	G	12
x	H	18
x	I	9
x	J	15
x	K	12
x	L	121
x	M	15
x	N	17
x	O	14
x	P	12
x	Q	9
x	R	13
x	S	16
x	T	16
x	U	23
x	V	14
x	W	20
x	X	19
x	Y	12
x	Z	15
x	[	21
x	\	14
x	]	16
x	^	13
x	_	9
x	`	17
x	a	15987
x	b	103
x	c	13319
x	d	15
x	e	19207
x	f	694
x	g	33
x	h	3279
x	i	17482
x	j	15
x	k	18
x	l	314
x	m	122
x	n	39
x	o	2802
x	p	42284
x	q	171
x	r	17
x	s	129
x	t	27303
x	u	3614
x	v	177
x	w	582
x	x	206
x	y	1579
x	z	14
x	{	15
x	|	20
x	}	14
x	~	14
y	!	194
y	"	2211
y	#	39
y	$	32
y	%	31
y	&	35
y	'	19796
y	(	38
y	)	2413
y	*	28
y	+	23
y	,	93945
y	-	6466
y	.	77481
y	/	185
y	0	28
y	1	13
y	2	7
y	3	12
y	4	11
y	5	19
y	6	22
y	7	15
y	8	21
y	9	10
y	:	1944
y	;	2845
y	<	9
y	=	16
y	>	5
y	?	1037
y	@	6
y	A	10
y	B	10
y	C	20
y	D	12
y	E	18
y	F	16
y	G	17
y	H	15
y	I	10
y	J	15
y	K	17
y	L	13
y	M	21
y	N	15
y	O	17
y	P	9
y	Q	20
y	R	16
y	S	19
y	T	19
y	U	14
y	V	18
y	W	9
y	X	21
y	Y	15
y	Z	15
y	[	21
y	\	13
y	]	28
y	^	9
y	_	13
y	`	20
y	a	15211
y	b	4698
y	c	8119
y	d	5014
y	e	116111
y	f	880
y	g	1919
y	h	810
y	i	25912
y	j	46
y	k	516
y	l	14620
y	m	18758
y	n	12761
y	o	49134
y	p	13752
y	q	24
y	r	10716
y	s	67701
y	t	9999
y	u	1037
y	v	372
y	w	4071
y	x	180
y	y	116
y	z	1446
y	{	19
y	|	18
y	}	17
y	~	18
z	!	25
z	"	67
z	#	10
z	$	13
z	%	13
z	&	19
z	'	392
z	(	12
z	)	92
z	*	24
z	+	14
z	,	2536
z	-	284
z	.	854
z	/	93
z	0	18
z	1	19
z	2	17
z	3	20
z	4	16
z	5	15
z	6	13
z	7	11
z	8	10
z	9	16
z	:	37
z	;	82
z	<	13
z	=	12
z	>	15
z	?	14
z	@	9
z	A	18
z	B	17
z	C	4
z	D	18
z	E	11
z	F	12
z	G	20
z	H	20
z	I	16
z	J	18
z	K	22
z	L	9
z	M	22
z	N	21
z	O	8
z	P	14
z	Q	12
z	R	17
z	S	24
z	T	12
z	U	10
z	V	13
z	W	18
z	X	18
z	Y	23
z	Z	7
z	[	20
z	\	18
z	]	17
z	^	18
z	_	16
z	`	18
z	a	20091
z	b	511
z	c	126
z	d	156
z	e	41823
z	f	28
z	g	226
z	h	852
z	i	11838
z	j	23
z	k	282
z	l	1372
z	m	487
z	n	172
z	o	6339
z	p	169
z	q	44
z	r	169
z	s	221
z	t	360
z	u	1453
z	v	172
z	w	209
z	x	16
z	y	1916
z	z	4416
z	{	22
z	|	14
z	}	26
z	~	25
{	!	15
{	"	13
{	#	11
{	$	11
{	%	16
{	&	13
{	'	11
{	(	8
{	)	16
{	*	17
{	+	18
{	,	17
{	-	16
{	.	14
{	/	17
{	0	11
{	1	12
{	2	13
{	3	13
{	4	15
{	5	7
{	6	12
{	7	9
{	8	15
{	9	14
{	:	15
{	;	15
{	<	11
{	=	8
{	>	4
{	?	9
{	@	9
{	A	10
{	B	11
{	C	10
{	D	16
{	E	14
{	F	11
{	G	12
{	H	14
{	I	17
{	J	18
{	K	12
{	L	10
{	M	14
{	N	17
{	O	14
{	P	12
{	Q	15
{	R	15
{	S	14
{	T	13
{	U	15
{	V	10
{	W	22
{	X	20
{	Y	10
{	Z	16
{	[	21
{	\	17
{	]	25
{	^	15
{	_	12
{	`	9
{	a	11
{	b	16
{	c	6
{	d	20
{	e	15
{	f	9
{	g	11
{	h	16
{	i	17
{	j	17
{	k	11
{	l	8
{	m	28
{	n	14
{	o	21
{	p	18
{	q	16
{	r	22
{	s	14
{	t	7
{	u	15
{	v	12
{	w	21
{	x	24
{	y	12
{	z	11
{	{	14
{	|	12
{	}	17
{	~	11
|	!	12
|	"	18
|	#	13
|	$	13
|	%	18
|	&	17
|	'	26
|	(	10
|	)	22
|	*	19
|	+	16
|	,	13
|	-	15
|	.	10
|	/	10
|	0	13
|	1	17
|	2	8
|	3	9
|	4	14
|	5	8
|	6	14
|	7	9
|	8	9
|	9	12
|	:	6
|	;	10
|	<	12
|	=	8
|	>	11
|	?	14
|	@	18
|	A	9
|	B	15
|	C	11
|	D	16
|	E	6
|	F	14
|	G	12
|	H	17
|	I	17
|	J	5
|	K	8
|	L	10
|	M	11
|	N	73
|	O	13
|	P	10
|	Q	11
|	R	23
|	S	10
|	T	14
|	U	14
|	V	13
|	W	11
|	X	13
|	Y	13
|	Z	19
|	[	18
|	\	11
|	]	8
|	^	21
|	_	10
|	`	13
|	a	7
|	b	17
|	c	5
|	d	18
|	e	15
|	f	12
|	g	16
|	h	8
|	i	16
|	j	17
|	k	16
|	l	13
|	m	18
|	n	18
|	o	8
|	p	11
|	q	11
|	r	12
|	s	12
|	t	14
|	u	14
|	v	12
|	w	14
|	x	13
|	y	21
|	z	11
|	{	22
|	|	16
|	}	19
|	~	7
}	!	9
}	"	10
}	#	14
}	$	15
}	%	9
}	&	13
}	'	22
}	(	8
}	)	19
}	*	18
}	+	25
}	,	9
}	-	21
}	.	16
}	/	17
}	0	6
}	1	14
}	2	21
}	3	18
}	4	16
}	5	18
}	6	10
}	7	22
}	8	17
}	9	18
}	:	15
}	;	17
}	<	12
}	=	7
}	>	10
}	?	9
}	@	8
}	A	4
}	B	8
}	C	10
}	D	11
}	E	6
}	F	9
}	G	14
}	H	18
}	I	12
}	J	22
}	K	11
}	L	6
}	M	15
}	N	13
}	O	8
}	P	15
}	Q	13
}	R	11
}	S	10
}	T	13
}	U	18
}	V	18
}	W	17
}	X	9
}	Y	18
}	Z	14
}	[	22
}	\	13
}	]	9
}	^	12
}	_	7
}	`	14
}	a	6
}	b	15
}	c	21
}	d	9
}	e	12
}	f	16
}	g	17
}	h	18
}	i	15
}	j	18
}	k	23
}	l	14
}	m	7
}	n	13
}	o	10
}	p	11
}	q	15
}	r	15
}	s	8
}	t	11
}	u	16
}	v	15
}	w	20
}	x	21
}	y	20
}	z	15
}	{	25
}	|	17
}	}	13
}	~	15
~	!	9
~	"	15
~	#	15
~	$	13
~	%	14
~	&	13
~	'	13
~	(	10
~	)	22
~	*	17
~	+	15
~	,	23
~	-	14
~	.	12
~	/	17
~	0	8
~	1	7
~	2	13
~	3	17
~	4	12
~	5	15
~	6	20
~	7	14
~	8	16
~	9	18
~	:	13
~	;	15
~	<	14
~	=	13
~	>	19
~	?	8
~	@	11
~	A	11
~	B	13
~	C	12
~	D	8
~	E	10
~	F	17
~	G	9
~	H	20
~	I	13
~	J	19
~	K	9
~	L	9
~	M	12
~	N	11
~	O	7
~	P	7
~	Q	16
~	R	10
~	S	11
~	T	7
~	U	15
~	V	12
~	W	19
~	X	11
~	Y	14
~	Z	12
~	[	13
~	\	13
~	]	7
~	^	12
~	_	4
~	`	13
~	a	12
~	b	21
~	c	17
~	d	13
~	e	10
~	f	18
~	g	13
~	h	13
~	i	21
~	j	13
~	k	9
~	l	14
~	m	11
~	n	13
~	o	13
~	p	15
~	q	17
~	r	12
~	s	15
~	t	14
~	u	16
~	v	15
~	w	24
~	x	20
~	y	17
~	z	18
~	{	21
~	|	18
~	}	10
~	~	12
